index,d__Bacteria;p__Proteobacteria;c__Alphaproteobacteria;o__Rhizobiales_A_504721;f__Hyphomicrobiaceae;__,d__Bacteria;p__Firmicutes_A;c__Clostridia_258483;o__Peptostreptococcales;f__Anaerovoracaceae;__,d__Bacteria;p__Proteobacteria;c__Gammaproteobacteria;o__Steroidobacterales;f__Steroidobacteraceae;__,d__Bacteria;p__Proteobacteria;c__Gammaproteobacteria;o__Burkholderiales_595422;f__Burkholderiaceae_A_595422;g__Alcaligenes,d__Bacteria;p__Firmicutes_A;c__Clostridia_258483;o__Tissierellales;f__Tissierellaceae;__,d__Bacteria;p__Actinobacteriota;c__Actinomycetia;o__Streptomycetales_400645;f__Streptomycetaceae_400641;__,d__Bacteria;p__Firmicutes_D;c__Bacilli;o__Lactobacillales;f__Streptococcaceae;g__Streptococcus,d__Bacteria;p__Synergistota;c__Synergistia;o__Synergistales;f__Aminobacteriaceae;__,d__Bacteria;p__Firmicutes_D;c__Bacilli;o__Bacillales_B_302584;__;__,d__Bacteria;p__Bacteroidota;c__Bacteroidia;o__Cytophagales;f__Cyclobacteriaceae_900466;g__ELB16-189,d__Bacteria;p__Firmicutes_D;c__Bacilli;__;__;__,d__Bacteria;p__Actinobacteriota;c__Actinomycetia;o__Actinomycetales;f__Microbacteriaceae;g__Leucobacter,d__Bacteria;p__Proteobacteria;c__Gammaproteobacteria;o__Burkholderiales_597441;f__Neisseriaceae_563222;g__Neisseria_563205,d__Bacteria;p__Firmicutes_A;c__Clostridia_258483;o__Tissierellales;f__Peptoniphilaceae;g__W5053,d__Bacteria;p__Synergistota;c__Synergistia;o__Synergistales;f__Aminobacteriaceae;g__Fretibacterium,d__Bacteria;p__Actinobacteriota;c__Actinomycetia;o__Mycobacteriales;f__Mycobacteriaceae;g__Rhodococcus_C_375578,d__Bacteria;p__Proteobacteria;c__Alphaproteobacteria;o__Rhizobiales_A_501396;__;__,d__Bacteria;p__Firmicutes_A;c__Clostridia_258483;o__Clostridiales;f__Clostridiaceae_222000;g__Clostridium_L,d__Bacteria;p__Actinobacteriota;c__Coriobacteriia;o__Coriobacteriales;f__Atopobiaceae;__,d__Bacteria;p__Proteobacteria;c__Gammaproteobacteria;o__Burkholderiales_592522;f__Burkholderiaceae_A_592522;__,d__Bacteria;p__Bacteroidota;c__Bacteroidia;o__Chitinophagales;f__Chitinophagaceae_966727;__,d__Bacteria;p__Proteobacteria;c__Gammaproteobacteria;o__Burkholderiales_597441;f__Neisseriaceae_563222;__,d__Bacteria;p__Proteobacteria;c__Gammaproteobacteria;__;__;__,d__Bacteria;p__Firmicutes_D;c__Bacilli;o__Staphylococcales;f__Gemellaceae;g__Gemella,d__Bacteria;p__Firmicutes_A;c__Clostridia_258483;o__Lachnospirales;f__Lachnospiraceae;__,d__Bacteria;p__Firmicutes_A;c__Clostridia_258483;o__Peptostreptococcales;f__Filifactoraceae_235894;g__Peptoanaerobacter,d__Bacteria;p__Proteobacteria;c__Alphaproteobacteria;o__Rhizobiales_A_501396;f__Rhizobiaceae_A_499470;__,d__Bacteria;p__Gemmatimonadota;c__Gemmatimonadetes;o__Gemmatimonadales;f__GWC2-71-9;g__Palsa-1233,d__Bacteria;p__Proteobacteria;c__Gammaproteobacteria;o__Steroidobacterales;f__Steroidobacteraceae;g__SCUD01,d__Bacteria;__;__;__;__;__,d__Bacteria;p__Nitrospirota_A_437815;c__Nitrospiria;o__Nitrospirales;f__Nitrospiraceae;g__Palsa-1315,d__Bacteria;p__Bacteroidota;c__Bacteroidia;o__Flavobacteriales_877923;f__Flavobacteriaceae;__,d__Bacteria;p__Proteobacteria;c__Gammaproteobacteria;o__Burkholderiales_595422;f__Burkholderiaceae_A_595422;__,d__Bacteria;p__Actinobacteriota;c__Actinomycetia;o__Actinomycetales;f__Microbacteriaceae;g__Agromyces_B_382064,d__Bacteria;p__Proteobacteria;c__Alphaproteobacteria;o__Rhizobiales_A_504723;f__Aestuariivirgaceae;__,d__Bacteria;p__Chloroflexota;c__Anaerolineae;o__Anaerolineales;f__Anaerolineaceae_409200;g__Flexilinea,d__Bacteria;p__Proteobacteria;c__Gammaproteobacteria;o__Pseudomonadales_650611;f__Pseudomonadaceae;__,d__Bacteria;p__Firmicutes_A;c__Clostridia_258483;o__Peptostreptococcales;f__Anaerovoracaceae;g__RUG754,d__Bacteria;p__Firmicutes_A;c__Clostridia_258483;o__Peptostreptococcales;f__Anaerovoracaceae;g__Hornefia,d__Bacteria;p__Acidobacteriota;c__Vicinamibacteria;o__Vicinamibacterales;__;__,d__Bacteria;p__Proteobacteria;c__Gammaproteobacteria;o__Xanthomonadales_613062;f__Rhodanobacteraceae_613062;__,d__Bacteria;p__Firmicutes_A;c__Clostridia_258483;o__Christensenellales;f__CAG-74;g__SFMI01,d__Archaea;p__Methanobacteriota_A_1229;c__Methanobacteria;o__Methanobacteriales;f__Methanobacteriaceae;g__Methanobrevibacter_A,d__Bacteria;p__Firmicutes_A;c__Clostridia_258483;o__Peptostreptococcales;f__Anaerovoracaceae;g__Eubacterium_N,d__Bacteria;p__Bacteroidota;c__Bacteroidia;o__Bacteroidales;f__Paludibacteraceae;g__F0058,d__Bacteria;p__Desulfobacterota_I;c__Desulfobulbia;o__Desulfobulbales;f__Desulfobulbaceae;g__Desulfobulbus_A_451156,d__Bacteria;p__Firmicutes_A;c__Clostridia_258483;o__Tissierellales;f__Peptoniphilaceae;g__Parvimonas,d__Bacteria;p__Bacteroidota;c__Bacteroidia;o__Flavobacteriales_877923;f__Flavobacteriaceae;g__Capnocytophaga_820690,d__Bacteria;p__Actinobacteriota;c__Actinomycetia;o__Actinomycetales;f__Actinomycetaceae;g__Pauljensenia,d__Bacteria;p__Bacteroidota;c__Bacteroidia;o__Cytophagales;f__Cyclobacteriaceae_900466;g__Chryseolinea,d__Bacteria;p__Proteobacteria;c__Alphaproteobacteria;__;__;__,d__Bacteria;p__Proteobacteria;c__Gammaproteobacteria;o__Burkholderiales_595422;f__Burkholderiaceae_A_595422;g__Castellaniella,d__Bacteria;p__Firmicutes_D;c__Bacilli;o__Lactobacillales;f__Aerococcaceae;g__Abiotrophia,d__Bacteria;p__Patescibacteria;c__Paceibacteria;o__Moranbacterales;f__DUUL01;g__DUUL01,d__Bacteria;p__Actinobacteriota;c__Acidimicrobiia_401430;o__Acidimicrobiales;__;__,d__Bacteria;p__Actinobacteriota;c__Actinomycetia;o__Propionibacteriales;f__Kribbellaceae;g__Kribbella,d__Bacteria;p__Proteobacteria;c__Gammaproteobacteria;o__Xanthomonadales_616009;f__Xanthomonadaceae_616009;__,d__Bacteria;p__Chloroflexota;c__Chloroflexia;o__Thermomicrobiales;f__;g__,d__Bacteria;p__Campylobacterota;c__Campylobacteria;o__Campylobacterales;f__Arcobacteraceae;g__Aliarcobacter,d__Bacteria;p__Actinobacteriota;c__Actinomycetia;o__Mycobacteriales;f__Micromonosporaceae;__,d__Bacteria;p__Proteobacteria;c__Alphaproteobacteria;o__Caulobacterales;f__TH1-2;__,d__Bacteria;p__Proteobacteria;c__Gammaproteobacteria;o__Burkholderiales_597433;f__SG8-39;g__SCGC-AG-212-J23,d__Bacteria;p__Bacteroidota;c__Bacteroidia;o__Flavobacteriales_877923;f__Weeksellaceae;__,d__Bacteria;p__Chloroflexota;c__Limnocylindria;o__Limnocylindrales;f__CSP1-4;g__GWC2-73-18,d__Bacteria;p__Proteobacteria;c__Alphaproteobacteria;o__Dongiales;f__Dongiaceae;g__SYSU-D60009,d__Bacteria;p__Actinobacteriota;c__Actinomycetia;o__Mycobacteriales;f__Pseudonocardiaceae;__,d__Bacteria;p__Bacteroidota;c__Bacteroidia;o__Cytophagales;f__Cyclobacteriaceae_900466;g__Ohtaekwangia,d__Bacteria;p__Bacteroidota;c__Bacteroidia;o__Sphingobacteriales;f__Sphingobacteriaceae;g__Albibacterium,d__Bacteria;p__Firmicutes_C;c__Negativicutes;o__Selenomonadales;f__Selenomonadaceae_42771;g__Centipeda,d__Bacteria;p__Proteobacteria;c__Alphaproteobacteria;o__Rhizobiales_A_504721;f__Methyloligellaceae;g__Methyloceanibacter,d__Bacteria;p__Gemmatimonadota;c__Gemmatimonadetes;o__Gemmatimonadales;f__GWC2-71-9;g__HRBIN33,d__Bacteria;p__Actinobacteriota;c__Actinomycetia;o__Actinomycetales;__;__,d__Bacteria;p__Proteobacteria;c__Gammaproteobacteria;o__Enterobacterales_A_737866;f__Enterobacteriaceae_A;__,d__Bacteria;p__Firmicutes_A;c__Clostridia_258483;o__Tissierellales;f__Sporanaerobacteraceae;g__Anaerosalibacter,d__Bacteria;p__Fusobacteriota;c__Fusobacteriia;o__Fusobacteriales_993521;f__Fusobacteriaceae_993521;g__Fusobacterium_C,d__Bacteria;p__Actinobacteriota;__;__;__;__,d__Bacteria;p__Proteobacteria;c__Gammaproteobacteria;o__Cardiobacteriales;f__Cardiobacteriaceae;g__Cardiobacterium,d__Bacteria;p__Actinobacteriota;c__Actinomycetia;o__Propionibacteriales;f__Propionibacteriaceae;g__Arachnia,d__Bacteria;p__Firmicutes_C;c__Negativicutes;o__Veillonellales;f__Megasphaeraceae;g__Megasphaera_A_38565,d__Bacteria;p__Firmicutes_A;c__Clostridia_258483;o__Peptostreptococcales;f__Peptostreptococcaceae_256921;g__Peptostreptococcus,d__Bacteria;p__Campylobacterota;c__Campylobacteria;o__Campylobacterales;f__Campylobacteraceae;g__Campylobacter_A,d__Bacteria;p__Proteobacteria;c__Alphaproteobacteria;o__Rhizobiales_A_504705;f__Xanthobacteraceae_503485;g__Bradyrhizobium,d__Bacteria;p__Proteobacteria;c__Gammaproteobacteria;o__Pseudomonadales_660879;f__Moraxellaceae;g__Acinetobacter,d__Bacteria;p__Bacteroidota;c__Bacteroidia;o__Flavobacteriales_877923;f__Flavobacteriaceae;g__Capnocytophaga_820688,d__Bacteria;p__Actinobacteriota;c__Actinomycetia;o__Streptosporangiales;f__Streptosporangiaceae;__,d__Bacteria;p__Gemmatimonadota;c__Gemmatimonadetes;o__Gemmatimonadales;f__GWC2-71-9;__,d__Bacteria;p__Proteobacteria;c__Gammaproteobacteria;o__Enterobacterales_A_737866;f__Pasteurellaceae;__,d__Bacteria;p__Actinobacteriota;c__Actinomycetia;__;__;__,d__Bacteria;p__Firmicutes_A;c__Clostridia_258483;o__Lachnospirales;f__Lachnospiraceae;g__Johnsonella,d__Bacteria;p__Spirochaetota;c__Spirochaetia;o__Treponematales;f__Treponemataceae;g__Treponema_D,d__Bacteria;p__Nitrospirota_A_437815;c__Nitrospiria;o__Nitrospirales;f__Nitrospiraceae;g__Nitrospira_A,d__Bacteria;p__Fusobacteriota;c__Fusobacteriia;o__Fusobacteriales_993777;f__Leptotrichiaceae;g__Leptotrichia_A_993641,d__Bacteria;p__Firmicutes_A;c__Clostridia_258483;o__Eubacteriales_258471;f__Eubacteriaceae_258449;g__Pseudoramibacter,d__Bacteria;p__Bacteroidota;c__Bacteroidia;o__Flavobacteriales_877923;f__Flavobacteriaceae;g__Arenibacter,d__Bacteria;p__Bacteroidota;c__Bacteroidia;o__Bacteroidales;f__Tannerellaceae;g__Tannerella,d__Bacteria;p__Bacteroidota;c__Bacteroidia;o__Flavobacteriales_877923;f__Flavobacteriaceae;g__Flavobacterium,d__Bacteria;p__Actinobacteriota;c__Thermoleophilia;__;__;__,d__Archaea;p__Thermoproteota;c__Nitrososphaeria_A;o__Nitrososphaerales;f__Nitrososphaeraceae;__,d__Bacteria;p__Actinobacteriota;c__Actinomycetia;o__Actinomycetales;f__Micrococcaceae;__,d__Bacteria;p__Chlamydiota;c__Chlamydiia;o__Chlamydiales_778124;f__Rhabdochlamydiaceae;g__Rhabdochlamydia,d__Bacteria;p__Firmicutes_D;c__Bacilli;o__Lactobacillales;__;__,d__Bacteria;p__Proteobacteria;c__Gammaproteobacteria;o__Steroidobacterales;f__Steroidobacteraceae;g__Povalibacter,d__Bacteria;p__Planctomycetota;c__Planctomycetia;o__Pirellulales;__;__,d__Bacteria;p__Bacteroidota;c__Bacteroidia;o__Bacteroidales;f__Porphyromonadaceae;g__Porphyromonas_A_859423,d__Bacteria;p__Actinobacteriota;c__Actinomycetia;o__Actinomycetales;f__Actinomycetaceae;g__Actinomyces,d__Bacteria;p__Actinobacteriota;c__Actinomycetia;o__Actinomycetales;f__Microbacteriaceae;__,d__Bacteria;p__Proteobacteria;c__Alphaproteobacteria;o__Caulobacterales;f__Caulobacteraceae;g__Brevundimonas,d__Bacteria;p__Bacteroidota;c__Bacteroidia;o__Bacteroidales;__;__,d__Bacteria;p__Firmicutes_A;c__Clostridia_258483;__;__;__,d__Bacteria;p__Actinobacteriota;c__Thermoleophilia;o__Solirubrobacterales;f__Solirubrobacteraceae_405335;g__Patulibacter,d__Bacteria;p__Proteobacteria;c__Gammaproteobacteria;o__Burkholderiales_597441;__;__,d__Bacteria;p__Firmicutes_D;c__Bacilli;o__Bacillales_D_310495;f__Amphibacillaceae;__,d__Archaea;p__Thermoproteota;c__Nitrososphaeria_A;o__Nitrososphaerales;f__Nitrososphaeraceae;g__TA-21,d__Bacteria;p__Gemmatimonadota;c__Gemmatimonadetes;o__Gemmatimonadales;f__GWC2-71-9;g__AG41,d__Bacteria;p__Proteobacteria;c__Gammaproteobacteria;o__Burkholderiales_592524;f__Burkholderiaceae_A_574758;__,d__Bacteria;p__Bacteroidota;c__Bacteroidia;__;__;__,d__Bacteria;p__Proteobacteria;c__Gammaproteobacteria;o__Burkholderiales_595422;f__Burkholderiaceae_A_595422;g__Advenella,d__Bacteria;p__Spirochaetota;c__Spirochaetia;o__Treponematales;f__Treponemataceae;g__Treponema_B_986141,d__Bacteria;p__Actinobacteriota;c__Actinomycetia;o__Mycobacteriales;f__Pseudonocardiaceae;g__Pseudonocardia,d__Bacteria;p__Proteobacteria;c__Alphaproteobacteria;o__Rhizobiales_A_502138;f__Devosiaceae;g__Devosia_A_502124,d__Bacteria;p__Myxococcota_A_473307;c__UBA9160;o__UBA9160;f__;g__,d__Bacteria;p__Firmicutes_D;c__Bacilli;o__Paenibacillales;f__Paenibacillaceae_367444;__,d__Bacteria;p__Bacteroidota;c__Bacteroidia;o__Cytophagales;f__Cyclobacteriaceae_900466;__,d__Bacteria;p__Firmicutes_D;c__Bacilli;o__Erysipelotrichales;f__Erysipelotrichaceae;__,d__Bacteria;p__Firmicutes_A;c__Clostridia_258483;o__Peptostreptococcales;f__Anaerovoracaceae;g__Mogibacterium,d__Bacteria;p__Methylomirabilota;c__Methylomirabilia;o__Methylomirabilales;f__CSP1-5;g__CSP1-5,d__Bacteria;p__Zixibacteria;c__MSB-5A5_778960;o__GN15;f__PGXB01;g__,d__Archaea;p__Thermoproteota;c__Nitrososphaeria_A;o__Nitrososphaerales;f__Nitrosopumilaceae;g__Nitrosopumilus_5141,d__Bacteria;p__Actinobacteriota;c__Actinomycetia;o__Propionibacteriales;f__Nocardioidaceae;g__Nocardioides_A_392796,d__Bacteria;p__Proteobacteria;c__Gammaproteobacteria;o__Steroidobacterales;f__Steroidobacteraceae;g__Bog-1198,d__Bacteria;p__Actinobacteriota;c__Actinomycetia;o__Mycobacteriales;__;__,d__Bacteria;p__Methylomirabilota;c__Methylomirabilia;o__Rokubacteriales;f__CSP1-6;g__UBA12499,d__Bacteria;p__Planctomycetota;c__Planctomycetia;o__Gemmatales;f__Gemmataceae;__,d__Bacteria;p__Patescibacteria;c__Saccharimonadia;o__Saccharimonadales;__;__,d__Bacteria;p__Firmicutes_A;c__Clostridia_258483;o__Oscillospirales;f__Butyricicoccaceae;g__Butyricicoccus_A_77419,d__Bacteria;p__Proteobacteria;c__Alphaproteobacteria;o__Rhizobiales_A_501637;f__Kaistiaceae_501637;g__Kaistia,d__Bacteria;p__Proteobacteria;c__Alphaproteobacteria;o__Rhizobiales_A_504705;f__Beijerinckiaceae;g__Microvirga,d__Bacteria;p__Actinobacteriota;c__Thermoleophilia;o__Gaiellales;f__Gaiellaceae;g__Gaiella,d__Bacteria;p__Proteobacteria;c__Gammaproteobacteria;o__Nevskiales;f__Nevskiaceae;g__Panacagrimonas,d__Bacteria;p__Proteobacteria;c__Alphaproteobacteria;o__Caulobacterales;f__Caulobacteraceae;__,d__Bacteria;p__Actinobacteriota;c__Coriobacteriia;o__Coriobacteriales;f__Eggerthellaceae;__,d__Bacteria;p__Chloroflexota;c__Chloroflexia;o__Thermomicrobiales;f__Thermomicrobiaceae;g__Nitrolancea,d__Bacteria;p__Firmicutes_A;c__Clostridia_258483;o__Lachnospirales;f__Lachnospiraceae;g__Lachnoanaerobaculum,d__Bacteria;p__Methylomirabilota;c__Methylomirabilia;o__Rokubacteriales;f__;g__,d__Bacteria;p__Firmicutes_C;c__Negativicutes;o__Selenomonadales;f__Selenomonadaceae_42771;g__Selenomonas_B_42762,d__Bacteria;p__Nitrospirota_A_437815;c__Nitrospiria;o__Nitrospirales;f__Nitrospiraceae;__,d__Bacteria;p__Actinobacteriota;c__Actinomycetia;o__Streptosporangiales;f__Streptosporangiaceae;g__Nonomuraea_394555,d__Bacteria;p__Actinobacteriota;c__Actinomycetia;o__Mycobacteriales;f__Mycobacteriaceae;g__Mycobacterium,d__Archaea;p__Thermoproteota;c__Nitrososphaeria_A;o__Nitrososphaerales;f__Nitrososphaeraceae;g__Nitrososphaera,d__Bacteria;p__Bacteroidota;c__Bacteroidia;o__Bacteroidales;f__Tannerellaceae;__,d__Bacteria;p__Proteobacteria;c__Alphaproteobacteria;o__Rhizobiales_A_504705;__;__,d__Bacteria;p__Firmicutes_A;c__Clostridia_258483;o__Clostridiales;f__Clostridiaceae_222000;g__Clostridium_G,d__Bacteria;p__Planctomycetota;c__Planctomycetia;o__Pirellulales;f__UBA1268;g__,d__Bacteria;p__Actinobacteriota;c__Coriobacteriia;o__Coriobacteriales;f__Atopobiaceae;g__Lancefieldella,d__Bacteria;p__Actinobacteriota;c__Actinomycetia;o__Propionibacteriales;f__Nocardioidaceae;g__Aeromicrobium,d__Bacteria;p__Bacteroidota;c__Bacteroidia;o__Sphingobacteriales;f__Sphingobacteriaceae;__,d__Bacteria;p__Bacteroidota;c__UBA10030;o__UBA10030;f__UBA10030;g__2-02-FULL-55-14,d__Bacteria;p__Planctomycetota;c__Planctomycetia;o__Gemmatales;f__Gemmataceae;g__,d__Bacteria;p__Proteobacteria;c__Gammaproteobacteria;o__Xanthomonadales_616009;f__Xanthomonadaceae_616009;g__Lysobacter_A_615995,d__Bacteria;p__Methylomirabilota;c__Methylomirabilia;o__Rokubacteriales;f__CSP1-6;__,d__Bacteria;p__Spirochaetota;c__Spirochaetia;o__Treponematales;f__Treponemataceae;g__Treponema_C,d__Bacteria;p__Actinobacteriota;c__Actinomycetia;o__Mycobacteriales;f__Mycobacteriaceae;__,d__Bacteria;p__Eisenbacteria;c__RBG-16-71-46;o__SZUA-252;f__SZUA-252;g__WS-7,d__Bacteria;p__Planctomycetota;c__Phycisphaerae;o__Phycisphaerales;__;__,d__Bacteria;p__Eisenbacteria;c__RBG-16-71-46;o__RBG-16-71-46;f__RBG-16-71-46;g__RBG-16-71-46,d__Bacteria;p__Desulfobacterota_I;c__Desulfovibrionia;o__Desulfovibrionales;f__Desulfomicrobiaceae;g__Desulfomicrobium,d__Bacteria;p__Proteobacteria;c__Alphaproteobacteria;o__Rhizobiales_A_501582;f__Pleomorphomonadaceae;g__,d__Bacteria;p__Patescibacteria;c__UBA1384;o__UBA12157_A;f__UBA12157;g__GWE1-39-12,d__Bacteria;p__Campylobacterota;c__Campylobacteria;o__Campylobacterales;f__Sulfurimonadaceae;g__Sulfurimonas,d__Bacteria;p__Proteobacteria;c__Gammaproteobacteria;o__Burkholderiales_597432;f__Rhodocyclaceae;__,d__Bacteria;p__Synergistota;c__Synergistia;o__Synergistales;f__Synergistaceae;g__Syner-03,d__Bacteria;p__Actinobacteriota;c__Thermoleophilia;o__Solirubrobacterales;f__70-9;__,d__Bacteria;p__Acidobacteriota;c__Thermoanaerobaculia;o__UBA5704;f__QQVD01;g__WTGL01,d__Bacteria;p__Krumholzibacteriota;c__Krumholzibacteria;o__LZORAL124-64-63;f__LZORAL124-64-63;g__,d__Bacteria;p__Fusobacteriota;c__Fusobacteriia;o__Fusobacteriales_993777;f__Leptotrichiaceae;g__Leptotrichia_A_993758,d__Bacteria;p__Proteobacteria;c__Alphaproteobacteria;o__Rhizobiales_A_504705;f__Xanthobacteraceae_503485;__,d__Bacteria;p__Firmicutes_A;c__Clostridia_258483;o__Christensenellales;f__CAG-74;__,d__Bacteria;p__Actinobacteriota;c__Actinomycetia;o__Mycobacteriales;f__Mycobacteriaceae;g__Corynebacterium,d__Bacteria;p__Elusimicrobiota;c__Endomicrobia;o__Endomicrobiales;f__Endomicrobiaceae;__,d__Bacteria;p__Campylobacterota;c__Campylobacteria;o__Campylobacterales;f__Campylobacteraceae;g__Campylobacter_B,d__Bacteria;p__Bacteroidota;c__Bacteroidia;o__Chitinophagales;__;__,d__Bacteria;p__Bacteroidota;c__Bacteroidia;o__Sphingobacteriales;f__Sphingobacteriaceae;g__Sphingobacterium,d__Bacteria;p__Bacteroidota;c__Bacteroidia;o__Flavobacteriales_877923;f__Weeksellaceae;g__Bergeyella_A_791830,d__Bacteria;p__Desulfobacterota_B;c__Binatia;o__UBA9968;f__UBA9968;__,d__Bacteria;p__Bacteroidota;c__Bacteroidia;o__Chitinophagales;f__Chitinophagaceae_966727;g__Arachidicoccus,d__Bacteria;p__Verrucomicrobiota;c__Verrucomicrobiae;o__Verrucomicrobiales;f__Akkermansiaceae;g__Luteolibacter_776538,d__Bacteria;p__Bacteroidota;c__Bacteroidia;o__Bacteroidales;f__Bacteroidaceae;g__Prevotella,d__Bacteria;p__Acidobacteriota;__;__;__;__,d__Bacteria;p__Firmicutes_D;c__Bacilli;o__RF39;f__UBA660;__,d__Bacteria;p__Proteobacteria;c__Gammaproteobacteria;o__Pseudomonadales_650612;f__Pseudohongiellaceae;g__Pseudohongiella,d__Bacteria;p__Planctomycetota;c__Planctomycetia;o__Pirellulales;f__PALSA-1355;g__PALSA-1355,d__Bacteria;p__Planctomycetota;c__Planctomycetia;__;__;__,d__Bacteria;p__Chlamydiota;c__Chlamydiia;__;__;__,d__Bacteria;p__Gemmatimonadota;c__Gemmatimonadetes;o__Gemmatimonadales;f__Gemmatimonadaceae;g__,d__Bacteria;p__Proteobacteria;c__Alphaproteobacteria;o__Sphingomonadales;f__Sphingomonadaceae;g__Sphingopyxis,d__Bacteria;p__Dependentiae;c__Babeliae;o__Babeliales;__;__,d__Bacteria;p__Proteobacteria;c__Gammaproteobacteria;o__Diplorickettsiales;f__;g__,d__Bacteria;p__Planctomycetota;__;__;__;__,d__Bacteria;p__Proteobacteria;c__Gammaproteobacteria;o__Burkholderiales_592522;f__Burkholderiaceae_A_592522;g__Polaromonas,d__Bacteria;p__Planctomycetota;c__Planctomycetia;o__Planctomycetales;f__Planctomycetaceae;__,d__Bacteria;p__Bacteroidota;c__Bacteroidia;o__Cytophagales;f__Spirosomaceae;__,d__Bacteria;p__Proteobacteria;c__Alphaproteobacteria;o__Rhizobiales_A_501059;f__Rhizobiaceae_A_501059;g__Shinella,d__Bacteria;p__Actinobacteriota;c__Actinomycetia;o__Mycobacteriales;f__Mycobacteriaceae;g__Gordonia_B_376796,d__Bacteria;p__Proteobacteria;c__Gammaproteobacteria;o__Burkholderiales_592524;__;__,d__Bacteria;p__Proteobacteria;__;__;__;__,d__Bacteria;p__Chlamydiota;c__Chlamydiia;o__Chlamydiales_778124;__;__,d__Bacteria;p__Proteobacteria;c__Alphaproteobacteria;o__Reyranellales;f__Reyranellaceae;g__,d__Bacteria;p__Planctomycetota;c__Planctomycetia;o__Pirellulales;f__UBA1268;__,d__Bacteria;p__Firmicutes_A;c__Clostridia_258483;o__Tissierellales;f__Peptoniphilaceae;g__,d__Bacteria;p__Planctomycetota;c__Planctomycetia;o__Planctomycetales;f__Planctomycetaceae;g__Planctomicrobium,d__Bacteria;p__Proteobacteria;c__Gammaproteobacteria;o__Nitrosococcales;f__Methylophagaceae;g__,d__Bacteria;p__Proteobacteria;c__Gammaproteobacteria;o__Legionellales_A;f__Legionellaceae_A;g__Tatlockia,d__Bacteria;p__Planctomycetota;c__Planctomycetia;o__Pirellulales;f__Lacipirellulaceae;g__Lacipirellula,d__Bacteria;p__Firmicutes_D;c__Bacilli;o__Paenibacillales;__;__,d__Bacteria;p__Synergistota;c__Synergistia;o__Synergistales;f__Dethiosulfovibrionaceae;g__Pyramidobacter,d__Bacteria;p__Proteobacteria;c__Gammaproteobacteria;o__Nevskiales;f__Nevskiaceae;__,d__Bacteria;p__Bacteroidota;c__Bacteroidia;o__Chitinophagales;f__Chitinophagaceae_929733;g__OLB11,d__Bacteria;p__Proteobacteria;c__Alphaproteobacteria;o__Sphingomonadales;f__Sphingomonadaceae;__,d__Bacteria;p__Dependentiae;c__Babeliae;o__Babeliales;f__Vermiphilaceae;__,d__Bacteria;p__Actinobacteriota;c__Actinomycetia;o__Mycobacteriales;f__Pseudonocardiaceae;g__Saccharopolyspora_D_379427,d__Bacteria;p__Acidobacteriota;c__Acidobacteriae;__;__;__,d__Bacteria;p__Acidobacteriota;c__Blastocatellia;o__Pyrinomonadales;f__Pyrinomonadaceae_433871;__,d__Bacteria;p__Firmicutes_A;c__Clostridia_258483;o__Lachnospirales;f__Vallitaleaceae_A_116062;g__W11650,d__Bacteria;p__Firmicutes_D;c__Bacilli;o__Erysipelotrichales;f__Coprobacillaceae;g__Eggerthia,d__Bacteria;p__Planctomycetota;c__Planctomycetia;o__Pirellulales;f__Pirellulaceae;__,d__Bacteria;p__Actinobacteriota;c__Acidimicrobiia_401430;o__Acidimicrobiales;f__Ilumatobacteraceae;__,d__Bacteria;p__Proteobacteria;c__Gammaproteobacteria;o__Burkholderiales_597437;f__Casimicrobiaceae;g__VBCG01,d__Bacteria;p__Proteobacteria;c__Gammaproteobacteria;o__Pseudomonadales_660905;f__Alcanivoracaceae;g__Alcanivorax_A,d__Bacteria;p__Proteobacteria;c__Gammaproteobacteria;o__Acidiferrobacterales;f__Sulfurifustaceae;g__Sulfuricaulis,d__Bacteria;p__Planctomycetota;c__Planctomycetia;o__Isosphaerales;f__Isosphaeraceae;g__Singulisphaera,d__Bacteria;p__Chloroflexota;c__Anaerolineae;o__Anaerolineales;f__EnvOPS12;g__UBA12294,d__Bacteria;p__Proteobacteria;c__Gammaproteobacteria;o__Diplorickettsiales;f__Diplorickettsiaceae;g__Aquirickettsiella,d__Bacteria;p__Planctomycetota;c__UBA1135;o__UBA1135;f__GCA-002686595;__,d__Bacteria;p__Patescibacteria;c__JAEDAM01;o__Absconditabacterales;f__X112;g__HOT-345,d__Bacteria;p__Firmicutes_A;c__Clostridia_258483;o__Peptostreptococcales;f__Filifactoraceae_235824;g__Filifactor,d__Bacteria;p__Firmicutes_A;c__Clostridia_258483;o__Christensenellales;f__Christensenellaceae;g__Christensenella,d__Bacteria;p__Desulfobacterota_I;c__Desulfovibrionia;o__Desulfovibrionales;f__Desulfovibrionaceae;__,d__Bacteria;p__Patescibacteria;c__Paceibacteria;o__UBA6257;__;__,d__Bacteria;p__Firmicutes_A;c__Clostridia_258483;o__Lachnospirales;f__Lachnospiraceae;g__Lacrimispora,d__Bacteria;p__Bdellovibrionota_E;c__Bdellovibrionia_A_470743;o__UBA1018;f__UBA1018;g__GWA1-52-35,d__Bacteria;p__Bacteroidota;c__Bacteroidia;o__Sphingobacteriales;f__Sphingobacteriaceae;g__Parapedobacter,d__Bacteria;p__Planctomycetota;c__Phycisphaerae;o__Phycisphaerales;f__SM1A02;g__CAADGA01,d__Bacteria;p__Patescibacteria;c__ABY1;o__SG8-24;f__2-12-FULL-60-25;g__21-14-all-47-17,d__Bacteria;p__Acidobacteriota;c__HRBIN11;o__HRBIN11;f__HRBIN11;g__HRBIN11,d__Bacteria;p__Acidobacteriota;c__Vicinamibacteria;o__Vicinamibacterales;f__UBA2999;__,d__Bacteria;p__Planctomycetota;c__Planctomycetia;o__Pirellulales;f__Pirellulaceae;g__Rhodopirellula,d__Bacteria;p__Patescibacteria;c__Paceibacteria;o__UBA9983_A;f__XYD1-FULL-46-19;__,Unassigned;__;__;__;__;__,d__Bacteria;p__Desulfobacterota_I;c__Desulfovibrionia;o__Desulfovibrionales;f__Desulfovibrionaceae;g__Desulfovibrio_R_446353,d__Archaea;p__Thermoplasmatota;c__Thermoplasmata_1773;o__Methanomassiliicoccales;f__Methanomethylophilaceae;__,d__Bacteria;p__Acidobacteriota;c__Acidobacteriae;o__Acidoferrales;f__UBA7541;g__QHYP01,d__Bacteria;p__CLD3;c__CLD3;o__SB21;f__SB21;g__SB21,d__Archaea;p__Nanoarchaeota;c__Nanoarchaeia;o__Woesearchaeales_468;f__ARS49;g__DSQK01,d__Bacteria;p__Bacteroidota;c__Bacteroidia;o__Chitinophagales;f__Saprospiraceae;g__Membranicola,BarcodeSequence,LinkerPrimerSequence,Type,Individual,Periodontal_disease
S10-V5-Q-B61-calc,21.0,1058.0,37.0,0.0,0.0,0.0,477.0,125.0,0.0,0.0,260.0,0.0,230.0,66.0,209.0,0.0,0.0,0.0,113.0,268.0,0.0,44.0,90.0,87.0,312.0,78.0,0.0,0.0,0.0,110.0,9.0,91.0,0.0,0.0,0.0,164.0,0.0,0.0,25.0,0.0,0.0,140.0,144.0,70.0,43.0,13.0,53.0,0.0,59.0,2.0,45.0,0.0,37.0,2.0,0.0,34.0,0.0,0.0,0.0,0.0,8.0,23.0,49.0,0.0,0.0,0.0,0.0,0.0,39.0,0.0,0.0,0.0,0.0,0.0,16.0,0.0,30.0,13.0,37.0,48.0,27.0,0.0,0.0,0.0,0.0,17.0,80.0,77.0,16.0,13.0,0.0,23.0,19.0,0.0,43.0,0.0,0.0,0.0,0.0,0.0,27.0,0.0,4.0,20.0,32.0,0.0,0.0,6.0,29.0,0.0,0.0,0.0,0.0,0.0,0.0,8.0,0.0,0.0,23.0,0.0,0.0,0.0,7.0,22.0,19.0,0.0,0.0,6.0,32.0,0.0,0.0,0.0,4.0,22.0,7.0,0.0,0.0,0.0,0.0,0.0,4.0,0.0,19.0,0.0,0.0,0.0,0.0,0.0,0.0,0.0,0.0,0.0,0.0,24.0,0.0,0.0,0.0,0.0,0.0,0.0,8.0,22.0,0.0,0.0,6.0,8.0,0.0,0.0,0.0,13.0,18.0,0.0,0.0,0.0,0.0,0.0,0.0,0.0,6.0,0.0,0.0,0.0,0.0,15.0,0.0,0.0,10.0,0.0,4.0,0.0,0.0,0.0,0.0,0.0,0.0,0.0,0.0,0.0,0.0,0.0,0.0,0.0,0.0,0.0,4.0,0.0,0.0,0.0,0.0,0.0,0.0,0.0,0.0,0.0,8.0,8.0,0.0,0.0,0.0,0.0,0.0,7.0,0.0,0.0,0.0,0.0,0.0,0.0,0.0,0.0,0.0,0.0,0.0,5.0,5.0,0.0,0.0,0.0,0.0,0.0,0.0,0.0,0.0,0.0,0.0,0.0,0.0,0.0,0.0,3.0,0.0,0.0,0.0,0.0,ACGAGTGCGT,CAGGATTAGATACCCTGGTAGTCC,Calculus,B61,Yes
S14-V5-P-B17-calc,0.0,186.0,0.0,0.0,0.0,0.0,352.0,47.0,0.0,0.0,0.0,0.0,387.0,61.0,76.0,0.0,0.0,0.0,19.0,344.0,0.0,316.0,176.0,199.0,346.0,174.0,0.0,0.0,0.0,116.0,0.0,66.0,0.0,0.0,0.0,48.0,0.0,0.0,30.0,0.0,0.0,18.0,24.0,0.0,57.0,6.0,48.0,227.0,0.0,0.0,0.0,0.0,53.0,0.0,0.0,0.0,0.0,0.0,0.0,0.0,0.0,0.0,26.0,0.0,0.0,0.0,0.0,0.0,41.0,0.0,0.0,30.0,0.0,0.0,21.0,0.0,48.0,24.0,0.0,0.0,50.0,0.0,7.0,80.0,0.0,0.0,97.0,0.0,50.0,7.0,0.0,90.0,0.0,0.0,0.0,0.0,0.0,0.0,9.0,0.0,38.0,0.0,0.0,27.0,39.0,0.0,0.0,0.0,5.0,0.0,0.0,0.0,0.0,0.0,0.0,4.0,0.0,10.0,0.0,0.0,0.0,0.0,0.0,0.0,0.0,0.0,0.0,0.0,0.0,0.0,0.0,0.0,0.0,16.0,11.0,0.0,0.0,0.0,0.0,0.0,0.0,0.0,12.0,0.0,9.0,0.0,0.0,0.0,0.0,0.0,0.0,0.0,0.0,0.0,0.0,0.0,0.0,0.0,0.0,0.0,10.0,0.0,0.0,0.0,0.0,12.0,0.0,0.0,0.0,0.0,0.0,0.0,0.0,0.0,17.0,0.0,0.0,16.0,0.0,0.0,0.0,0.0,0.0,0.0,0.0,0.0,14.0,0.0,13.0,0.0,0.0,0.0,0.0,0.0,0.0,0.0,0.0,0.0,0.0,0.0,0.0,0.0,0.0,0.0,0.0,0.0,0.0,0.0,0.0,0.0,0.0,0.0,0.0,0.0,0.0,0.0,0.0,0.0,0.0,0.0,0.0,0.0,4.0,0.0,0.0,0.0,0.0,0.0,0.0,0.0,0.0,0.0,0.0,5.0,0.0,0.0,0.0,0.0,0.0,0.0,0.0,0.0,0.0,0.0,0.0,0.0,0.0,0.0,0.0,0.0,0.0,0.0,0.0,0.0,ACGAGTGCGT,CAGGATTAGATACCCTGGTAGTCC,Calculus,B17,No
S15-V5-R-B78-calc,0.0,1358.0,7.0,0.0,0.0,0.0,96.0,307.0,0.0,0.0,164.0,0.0,29.0,38.0,135.0,0.0,0.0,0.0,324.0,27.0,0.0,0.0,20.0,13.0,76.0,20.0,0.0,0.0,0.0,16.0,0.0,9.0,0.0,0.0,0.0,64.0,0.0,11.0,56.0,0.0,0.0,50.0,68.0,33.0,32.0,58.0,12.0,0.0,109.0,0.0,0.0,0.0,21.0,62.0,0.0,0.0,0.0,0.0,0.0,0.0,0.0,0.0,8.0,0.0,0.0,0.0,0.0,0.0,15.0,0.0,0.0,115.0,0.0,0.0,0.0,0.0,6.0,16.0,53.0,22.0,10.0,0.0,0.0,0.0,0.0,0.0,9.0,0.0,11.0,27.0,0.0,0.0,72.0,0.0,0.0,0.0,0.0,0.0,0.0,0.0,0.0,0.0,0.0,0.0,59.0,0.0,0.0,26.0,10.0,0.0,0.0,0.0,0.0,0.0,0.0,0.0,0.0,20.0,0.0,0.0,0.0,0.0,0.0,17.0,15.0,2.0,0.0,0.0,0.0,0.0,0.0,0.0,0.0,13.0,25.0,0.0,0.0,0.0,16.0,0.0,27.0,0.0,0.0,0.0,19.0,0.0,0.0,0.0,0.0,26.0,0.0,0.0,0.0,0.0,0.0,0.0,0.0,0.0,0.0,0.0,0.0,0.0,0.0,0.0,0.0,0.0,0.0,0.0,0.0,0.0,0.0,0.0,0.0,0.0,0.0,0.0,0.0,0.0,16.0,7.0,0.0,0.0,0.0,0.0,0.0,0.0,0.0,0.0,0.0,0.0,0.0,0.0,0.0,0.0,0.0,0.0,0.0,0.0,0.0,0.0,0.0,0.0,0.0,0.0,0.0,0.0,0.0,0.0,9.0,0.0,0.0,0.0,0.0,0.0,4.0,0.0,0.0,0.0,0.0,0.0,0.0,0.0,0.0,7.0,0.0,0.0,0.0,0.0,0.0,0.0,0.0,0.0,0.0,0.0,0.0,5.0,5.0,0.0,0.0,0.0,0.0,0.0,0.0,0.0,4.0,0.0,0.0,0.0,0.0,0.0,0.0,0.0,0.0,0.0,ACGAGTGCGT,CAGGATTAGATACCCTGGTAGTCC,Calculus,B78,No
S16S17-V5-K1-G12-root,388.0,0.0,439.0,536.0,216.0,0.0,0.0,0.0,149.0,85.0,148.0,283.0,0.0,0.0,0.0,241.0,223.0,0.0,0.0,136.0,37.0,0.0,50.0,0.0,0.0,0.0,291.0,0.0,0.0,119.0,61.0,126.0,115.0,0.0,43.0,0.0,153.0,0.0,0.0,0.0,104.0,0.0,0.0,0.0,0.0,0.0,0.0,0.0,0.0,36.0,75.0,48.0,0.0,0.0,24.0,0.0,147.0,0.0,67.0,0.0,12.0,55.0,0.0,0.0,0.0,0.0,0.0,61.0,0.0,0.0,0.0,0.0,101.0,0.0,0.0,0.0,0.0,0.0,0.0,0.0,0.0,47.0,14.0,0.0,38.0,27.0,0.0,0.0,0.0,0.0,0.0,0.0,0.0,33.0,0.0,35.0,41.0,0.0,21.0,0.0,0.0,27.0,0.0,0.0,0.0,25.0,44.0,0.0,0.0,52.0,34.0,0.0,7.0,0.0,0.0,21.0,19.0,0.0,0.0,45.0,0.0,15.0,0.0,0.0,0.0,0.0,0.0,0.0,8.0,0.0,0.0,0.0,0.0,0.0,0.0,35.0,24.0,0.0,0.0,0.0,0.0,0.0,0.0,0.0,0.0,0.0,0.0,27.0,0.0,0.0,0.0,7.0,0.0,0.0,24.0,10.0,0.0,0.0,0.0,0.0,0.0,0.0,0.0,0.0,0.0,0.0,0.0,0.0,11.0,0.0,0.0,0.0,0.0,0.0,0.0,0.0,0.0,0.0,0.0,0.0,7.0,14.0,0.0,0.0,0.0,7.0,0.0,0.0,0.0,7.0,0.0,0.0,8.0,0.0,0.0,11.0,0.0,0.0,0.0,0.0,10.0,10.0,0.0,0.0,0.0,0.0,0.0,0.0,0.0,9.0,0.0,0.0,0.0,0.0,0.0,0.0,4.0,0.0,0.0,0.0,0.0,0.0,0.0,0.0,0.0,0.0,0.0,0.0,0.0,0.0,3.0,0.0,0.0,0.0,0.0,0.0,0.0,5.0,2.0,0.0,0.0,0.0,0.0,0.0,0.0,4.0,0.0,0.0,0.0,0.0,0.0,0.0,0.0,0.0,ACGAGTGCGT,CAGGATTAGATACCCTGGTAGTCC,Root,G12,Yes
S16S17-V5-K2-G12-root,383.0,0.0,383.0,495.0,223.0,0.0,0.0,0.0,177.0,80.0,126.0,265.0,0.0,0.0,0.0,219.0,234.0,4.0,0.0,105.0,20.0,0.0,39.0,0.0,0.0,0.0,259.0,0.0,0.0,89.0,53.0,92.0,137.0,0.0,50.0,0.0,110.0,0.0,0.0,0.0,84.0,0.0,0.0,0.0,0.0,0.0,0.0,0.0,0.0,26.0,72.0,43.0,0.0,0.0,0.0,0.0,134.0,0.0,61.0,0.0,0.0,38.0,0.0,0.0,0.0,0.0,10.0,50.0,0.0,0.0,0.0,0.0,89.0,0.0,0.0,43.0,0.0,0.0,0.0,0.0,0.0,22.0,16.0,0.0,42.0,34.0,0.0,0.0,0.0,0.0,0.0,0.0,0.0,39.0,0.0,33.0,0.0,0.0,16.0,0.0,0.0,17.0,0.0,0.0,0.0,28.0,27.0,0.0,0.0,0.0,23.0,0.0,0.0,0.0,0.0,27.0,29.0,0.0,0.0,33.0,13.0,16.0,0.0,0.0,0.0,0.0,0.0,0.0,0.0,0.0,0.0,0.0,0.0,0.0,0.0,0.0,10.0,0.0,0.0,0.0,0.0,0.0,0.0,0.0,0.0,0.0,0.0,0.0,0.0,0.0,12.0,11.0,0.0,0.0,0.0,24.0,0.0,0.0,0.0,0.0,0.0,0.0,22.0,0.0,8.0,0.0,0.0,0.0,8.0,0.0,0.0,0.0,0.0,0.0,0.0,17.0,0.0,0.0,0.0,0.0,9.0,16.0,0.0,0.0,15.0,15.0,0.0,0.0,0.0,6.0,0.0,0.0,4.0,0.0,0.0,0.0,0.0,0.0,0.0,0.0,0.0,0.0,10.0,10.0,0.0,0.0,0.0,0.0,0.0,5.0,9.0,0.0,0.0,0.0,0.0,0.0,4.0,8.0,0.0,0.0,0.0,0.0,0.0,0.0,7.0,0.0,0.0,0.0,0.0,0.0,3.0,6.0,0.0,0.0,0.0,0.0,0.0,0.0,3.0,5.0,5.0,0.0,0.0,0.0,0.0,0.0,0.0,0.0,0.0,0.0,0.0,0.0,2.0,0.0,ACGAGTGCGT,CAGGATTAGATACCCTGGTAGTCC,Root,G12,Yes
S18S19-V5-L-B17-root,448.0,16.0,445.0,0.0,48.0,736.0,0.0,0.0,188.0,73.0,53.0,0.0,0.0,73.0,40.0,0.0,0.0,29.0,0.0,0.0,79.0,0.0,95.0,0.0,9.0,0.0,32.0,26.0,43.0,336.0,0.0,0.0,0.0,0.0,78.0,18.0,0.0,0.0,0.0,40.0,0.0,0.0,0.0,0.0,0.0,0.0,0.0,0.0,0.0,13.0,182.0,0.0,0.0,0.0,25.0,92.0,9.0,78.0,0.0,0.0,0.0,43.0,0.0,13.0,95.0,0.0,15.0,0.0,0.0,133.0,0.0,0.0,0.0,17.0,0.0,117.0,0.0,0.0,0.0,0.0,0.0,18.0,39.0,0.0,0.0,47.0,0.0,0.0,0.0,0.0,73.0,0.0,0.0,0.0,0.0,4.0,0.0,77.0,20.0,66.0,0.0,0.0,111.0,0.0,0.0,0.0,0.0,0.0,0.0,0.0,0.0,24.0,15.0,0.0,40.0,0.0,0.0,0.0,0.0,0.0,0.0,12.0,21.0,0.0,0.0,0.0,39.0,22.0,10.0,0.0,0.0,37.0,11.0,0.0,0.0,0.0,0.0,0.0,0.0,0.0,0.0,31.0,0.0,0.0,0.0,15.0,0.0,0.0,27.0,0.0,0.0,7.0,0.0,0.0,0.0,0.0,24.0,14.0,0.0,0.0,0.0,0.0,0.0,16.0,0.0,0.0,0.0,0.0,0.0,0.0,0.0,18.0,0.0,0.0,0.0,0.0,0.0,0.0,0.0,0.0,0.0,0.0,0.0,0.0,0.0,0.0,0.0,0.0,0.0,0.0,0.0,14.0,0.0,0.0,0.0,0.0,11.0,11.0,11.0,0.0,0.0,0.0,0.0,0.0,10.0,0.0,0.0,0.0,0.0,3.0,0.0,0.0,0.0,0.0,0.0,0.0,0.0,0.0,8.0,8.0,8.0,0.0,0.0,0.0,0.0,7.0,7.0,0.0,0.0,0.0,0.0,0.0,0.0,0.0,0.0,0.0,0.0,0.0,0.0,0.0,0.0,5.0,0.0,0.0,0.0,0.0,0.0,0.0,0.0,0.0,0.0,0.0,0.0,2.0,ACGAGTGCGT,CAGGATTAGATACCCTGGTAGTCC,Root,B17,No
S20S21-V5-M-B61-root,1089.0,0.0,211.0,0.0,16.0,44.0,0.0,6.0,131.0,127.0,0.0,0.0,0.0,0.0,0.0,0.0,0.0,30.0,0.0,13.0,279.0,0.0,137.0,0.0,0.0,0.0,0.0,267.0,287.0,248.0,67.0,0.0,0.0,234.0,51.0,0.0,0.0,0.0,0.0,178.0,0.0,0.0,0.0,0.0,0.0,0.0,0.0,0.0,0.0,68.0,150.0,70.0,0.0,0.0,143.0,0.0,0.0,99.0,0.0,0.0,91.0,174.0,0.0,88.0,0.0,6.0,44.0,0.0,0.0,61.0,102.0,0.0,0.0,0.0,0.0,123.0,0.0,0.0,0.0,0.0,0.0,0.0,0.0,0.0,0.0,0.0,0.0,0.0,0.0,0.0,0.0,0.0,0.0,0.0,0.0,0.0,0.0,21.0,0.0,0.0,0.0,20.0,30.0,0.0,0.0,4.0,0.0,0.0,0.0,0.0,13.0,0.0,0.0,0.0,9.0,0.0,0.0,0.0,0.0,0.0,0.0,0.0,18.0,0.0,0.0,37.0,0.0,10.0,0.0,13.0,0.0,0.0,15.0,0.0,0.0,0.0,0.0,0.0,0.0,33.0,0.0,0.0,0.0,29.0,0.0,27.0,0.0,0.0,14.0,0.0,0.0,0.0,25.0,0.0,0.0,0.0,0.0,0.0,32.0,23.0,0.0,0.0,0.0,0.0,7.0,0.0,20.0,0.0,0.0,0.0,0.0,0.0,18.0,18.0,0.0,0.0,0.0,0.0,0.0,0.0,0.0,0.0,0.0,0.0,0.0,0.0,0.0,14.0,0.0,0.0,13.0,4.0,0.0,0.0,0.0,0.0,0.0,0.0,0.0,0.0,0.0,0.0,0.0,0.0,0.0,10.0,10.0,10.0,0.0,0.0,0.0,9.0,9.0,0.0,0.0,0.0,0.0,3.0,0.0,0.0,0.0,0.0,0.0,0.0,0.0,0.0,0.0,7.0,7.0,0.0,0.0,0.0,0.0,0.0,0.0,0.0,0.0,0.0,0.0,0.0,0.0,0.0,5.0,0.0,0.0,0.0,4.0,4.0,0.0,0.0,3.0,0.0,0.0,0.0,ACGAGTGCGT,CAGGATTAGATACCCTGGTAGTCC,Root,B61,Yes
S22S23-V5-N-B78-root,454.0,0.0,587.0,0.0,508.0,29.0,0.0,0.0,150.0,339.0,10.0,0.0,0.0,0.0,0.0,0.0,0.0,387.0,0.0,19.0,145.0,0.0,65.0,0.0,0.0,0.0,0.0,0.0,0.0,161.0,72.0,5.0,0.0,0.0,0.0,0.0,0.0,0.0,0.0,69.0,0.0,0.0,0.0,0.0,0.0,0.0,0.0,0.0,0.0,22.0,93.0,0.0,0.0,0.0,0.0,15.0,0.0,0.0,0.0,127.0,14.0,13.0,0.0,19.0,24.0,144.0,55.0,0.0,0.0,37.0,0.0,0.0,0.0,81.0,0.0,25.0,0.0,0.0,0.0,0.0,0.0,0.0,10.0,0.0,0.0,0.0,0.0,0.0,0.0,0.0,0.0,0.0,0.0,0.0,0.0,0.0,68.0,0.0,0.0,0.0,0.0,0.0,0.0,0.0,0.0,0.0,0.0,0.0,0.0,0.0,0.0,27.0,28.0,50.0,0.0,0.0,0.0,0.0,22.0,0.0,31.0,10.0,0.0,0.0,0.0,0.0,0.0,0.0,20.0,25.0,38.0,0.0,21.0,0.0,0.0,0.0,0.0,34.0,17.0,0.0,0.0,0.0,0.0,0.0,0.0,0.0,28.0,0.0,0.0,0.0,26.0,0.0,0.0,0.0,0.0,0.0,0.0,10.0,0.0,0.0,0.0,0.0,0.0,6.0,0.0,0.0,0.0,20.0,0.0,19.0,0.0,0.0,0.0,0.0,0.0,0.0,0.0,0.0,0.0,0.0,0.0,0.0,0.0,0.0,0.0,0.0,0.0,0.0,0.0,0.0,0.0,13.0,0.0,12.0,12.0,4.0,0.0,0.0,0.0,11.0,0.0,0.0,0.0,0.0,0.0,0.0,0.0,0.0,0.0,0.0,0.0,0.0,0.0,9.0,0.0,0.0,0.0,0.0,0.0,0.0,0.0,0.0,0.0,0.0,0.0,0.0,0.0,0.0,0.0,7.0,0.0,0.0,6.0,0.0,0.0,0.0,0.0,0.0,0.0,0.0,0.0,0.0,0.0,5.0,0.0,0.0,0.0,0.0,0.0,0.0,0.0,3.0,0.0,0.0,ACGAGTGCGT,CAGGATTAGATACCCTGGTAGTCC,Root,B78,No
S8-V5-O-G12-calc,0.0,1519.0,0.0,0.0,0.0,0.0,345.0,329.0,0.0,0.0,149.0,0.0,179.0,231.0,0.0,0.0,0.0,0.0,82.0,233.0,0.0,0.0,109.0,55.0,97.0,31.0,0.0,0.0,0.0,109.0,0.0,128.0,0.0,0.0,0.0,0.0,0.0,208.0,290.0,0.0,0.0,35.0,0.0,78.0,49.0,110.0,64.0,54.0,0.0,0.0,0.0,0.0,46.0,89.0,0.0,0.0,0.0,0.0,0.0,0.0,0.0,0.0,64.0,0.0,0.0,0.0,0.0,0.0,14.0,0.0,0.0,9.0,0.0,0.0,58.0,0.0,8.0,39.0,0.0,19.0,0.0,0.0,0.0,0.0,0.0,0.0,0.0,0.0,0.0,26.0,0.0,20.0,24.0,0.0,25.0,0.0,0.0,0.0,0.0,0.0,0.0,0.0,0.0,14.0,0.0,0.0,0.0,20.0,14.0,0.0,0.0,0.0,0.0,0.0,0.0,0.0,0.0,17.0,0.0,0.0,0.0,0.0,0.0,0.0,5.0,0.0,0.0,0.0,0.0,0.0,0.0,0.0,0.0,0.0,12.0,0.0,0.0,0.0,0.0,0.0,0.0,0.0,17.0,0.0,0.0,0.0,0.0,0.0,0.0,0.0,0.0,0.0,0.0,0.0,0.0,0.0,0.0,0.0,0.0,0.0,4.0,0.0,0.0,0.0,0.0,0.0,0.0,0.0,0.0,0.0,0.0,0.0,0.0,0.0,0.0,0.0,17.0,9.0,0.0,9.0,0.0,0.0,16.0,0.0,0.0,0.0,6.0,0.0,0.0,0.0,0.0,0.0,0.0,0.0,0.0,0.0,0.0,0.0,0.0,0.0,0.0,0.0,0.0,0.0,0.0,0.0,0.0,0.0,0.0,0.0,0.0,0.0,0.0,0.0,0.0,0.0,0.0,0.0,0.0,0.0,0.0,0.0,3.0,0.0,0.0,0.0,0.0,0.0,0.0,0.0,0.0,0.0,0.0,0.0,0.0,0.0,0.0,0.0,0.0,0.0,0.0,0.0,0.0,0.0,0.0,0.0,0.0,0.0,4.0,0.0,0.0,0.0,0.0,0.0,ACGAGTGCGT,CAGGATTAGATACCCTGGTAGTCC,Calculus,G12,Yes
