Feature ID	Taxon	Confidence
f9821fb43c02be88fa4827e5ddb9dcfe	d__Bacteria; p__Proteobacteria; c__Alphaproteobacteria; o__Rhizobiales_A_504721; f__Hyphomicrobiaceae	0.9908570241495246
3cbb3df78d3599b947fbb2fb7671b8b4	d__Bacteria; p__Firmicutes_A; c__Clostridia_258483; o__Peptostreptococcales; f__Anaerovoracaceae	0.9919096249831967
52af003ffdf8d1321283ea1722d67448	d__Bacteria; p__Proteobacteria; c__Gammaproteobacteria; o__Steroidobacterales; f__Steroidobacteraceae	0.9982591807124971
39b697d152eef5d7732a968f54b8c49f	d__Bacteria; p__Firmicutes_A; c__Clostridia_258483; o__Peptostreptococcales; f__Anaerovoracaceae	0.974724558457581
95e823dc726a488002f20b54f44da933	d__Bacteria; p__Proteobacteria; c__Gammaproteobacteria; o__Burkholderiales_595422; f__Burkholderiaceae_A_595422; g__Alcaligenes	0.8109331211765427
b804868fb3fddd1c9f008dd6ac28d497	d__Bacteria; p__Firmicutes_A; c__Clostridia_258483; o__Tissierellales; f__Tissierellaceae	0.8908042099317618
938b78aa66fd365558abfa9f03a36887	d__Bacteria; p__Actinobacteriota; c__Actinomycetia; o__Streptomycetales_400645; f__Streptomycetaceae_400641	0.9528876292058673
2ac137eefa611e8c6c2a576d4ad21620	d__Bacteria; p__Firmicutes_D; c__Bacilli; o__Lactobacillales; f__Streptococcaceae; g__Streptococcus	0.9991237068574045
276387bb1289a762631d930be78f312e	d__Bacteria; p__Synergistota; c__Synergistia; o__Synergistales; f__Aminobacteriaceae	0.9978829232403325
430e2740e97955ba914c491808d702c6	d__Bacteria; p__Firmicutes_D; c__Bacilli; o__Bacillales_B_302584	0.8621118099075606
8aa06d7f530d17fffe4cd33489cda91f	d__Bacteria; p__Bacteroidota; c__Bacteroidia; o__Cytophagales; f__Cyclobacteriaceae_900466; g__ELB16-189	0.998376013545007
073985546183c889b974c315e7d175d3	d__Bacteria; p__Proteobacteria; c__Alphaproteobacteria; o__Rhizobiales_A_504721; f__Hyphomicrobiaceae	0.8453445516239259
e97931e7f552c8afe97ce99071ee48c0	d__Bacteria; p__Firmicutes_D; c__Bacilli	0.7665595838666673
6da2bcff2966a8d175ee456e3e3f818f	d__Bacteria; p__Actinobacteriota; c__Actinomycetia; o__Actinomycetales; f__Microbacteriaceae; g__Leucobacter	0.9984532412998264
488daca92f59918979ea8c6fea056ec1	d__Bacteria; p__Proteobacteria; c__Gammaproteobacteria; o__Burkholderiales_597441; f__Neisseriaceae_563222; g__Neisseria_563205	0.9886219982139175
ecea33fc49b55efb6726adaef3b28617	d__Bacteria; p__Firmicutes_D; c__Bacilli; o__Lactobacillales; f__Streptococcaceae; g__Streptococcus	0.9976965014199334
6422ad2bca359710069c3666b586bbfe	d__Bacteria; p__Firmicutes_A; c__Clostridia_258483; o__Tissierellales; f__Peptoniphilaceae; g__W5053; s__	0.7139819584742986
ed5399f02423e9c19ef1aabbac0a2bf1	d__Bacteria; p__Synergistota; c__Synergistia; o__Synergistales; f__Aminobacteriaceae; g__Fretibacterium; s__Fretibacterium fastidiosum	0.7003325449391894
746dde75bb7d2808c37801a76c2da61a	d__Bacteria; p__Actinobacteriota; c__Actinomycetia; o__Mycobacteriales; f__Mycobacteriaceae; g__Rhodococcus_C_375578	0.8379204059849079
99ee0dea881fb7593f8260e41ee84fe6	d__Bacteria; p__Proteobacteria; c__Alphaproteobacteria; o__Rhizobiales_A_501396	0.9589918720760887
2d76df5227874b5add5da94e09574e75	d__Bacteria; p__Firmicutes_A; c__Clostridia_258483; o__Clostridiales; f__Clostridiaceae_222000; g__Clostridium_L	0.999437205982422
e9067a7f9ade9133b92b466f8f39380d	d__Bacteria; p__Actinobacteriota; c__Coriobacteriia; o__Coriobacteriales; f__Atopobiaceae	0.9726000999774863
534228e5ba669023d3ec44649b7ea217	d__Bacteria; p__Proteobacteria; c__Gammaproteobacteria; o__Burkholderiales_592522; f__Burkholderiaceae_A_592522	0.9870051852706975
e63eef1672eb9de58c79c88d90964848	d__Bacteria; p__Bacteroidota; c__Bacteroidia; o__Chitinophagales; f__Chitinophagaceae_966727	0.8365425889241058
a16897ee9cfdfd6609f3697d456b6119	d__Bacteria; p__Proteobacteria; c__Gammaproteobacteria; o__Burkholderiales_597441; f__Neisseriaceae_563222	0.9993193710539581
cb8a00298cc33fb603f524284eea94b3	d__Bacteria; p__Proteobacteria; c__Gammaproteobacteria	0.9998402365909846
32bf1d7bfbcfbc693a6307d12dab2423	d__Bacteria; p__Firmicutes_D; c__Bacilli; o__Staphylococcales; f__Gemellaceae; g__Gemella	0.9428880232576737
ef223441c8b1ab15ae5dd7a4f0f93ff1	d__Bacteria; p__Proteobacteria; c__Gammaproteobacteria; o__Burkholderiales_592522; f__Burkholderiaceae_A_592522	0.9586429835565339
0a29824bb5726f176667c3e928dc9c2f	d__Bacteria; p__Firmicutes_A; c__Clostridia_258483; o__Lachnospirales; f__Lachnospiraceae	0.781196813344385
b9aacc9da3e8abd74be8b064920795bb	d__Bacteria; p__Firmicutes_A; c__Clostridia_258483; o__Peptostreptococcales; f__Filifactoraceae_235894; g__Peptoanaerobacter; s__Eubacterium yurii	0.7650350548659325
59853012c4917d69e9ab2f6b1916afb1	d__Bacteria; p__Proteobacteria; c__Alphaproteobacteria; o__Rhizobiales_A_501396; f__Rhizobiaceae_A_499470	0.9077079558989843
51b185377dde3ffe63b1452c94dd51e8	d__Bacteria; p__Gemmatimonadota; c__Gemmatimonadetes; o__Gemmatimonadales; f__GWC2-71-9; g__Palsa-1233; s__	0.916970117760908
9931fc4a3f73eb0b3982e7d5bf005f2a	d__Bacteria; p__Proteobacteria; c__Gammaproteobacteria; o__Steroidobacterales; f__Steroidobacteraceae; g__SCUD01; s__	0.8050132674130848
81f691a5907a77f95803ca349f859bf8	d__Bacteria; p__Firmicutes_D; c__Bacilli	0.9968615762493993
9b1fb3fb30da41e1b6c4209f601c2197	d__Bacteria; p__Firmicutes_A; c__Clostridia_258483; o__Lachnospirales; f__Lachnospiraceae	0.9517595208348242
f9219ae5a905cee4ae5c96610c139aad	d__Bacteria	0.9998575548482689
453a8279ad9ff5cd59237d105298b2d3	d__Bacteria; p__Nitrospirota_A_437815; c__Nitrospiria; o__Nitrospirales; f__Nitrospiraceae; g__Palsa-1315	0.7280749281940061
a30b24a1a8470d185fe851e43aac8b56	d__Bacteria; p__Bacteroidota; c__Bacteroidia; o__Flavobacteriales_877923; f__Flavobacteriaceae	0.9970782840590812
b25bbf5411fdb4852cd8fa50aa72b6f6	d__Bacteria; p__Proteobacteria; c__Gammaproteobacteria; o__Burkholderiales_595422; f__Burkholderiaceae_A_595422	0.997378743618569
ea481f629be4cf9a04ae86311c675003	d__Bacteria; p__Proteobacteria; c__Alphaproteobacteria; o__Rhizobiales_A_501396; f__Rhizobiaceae_A_499470	0.9990263739734699
a4d9ad681b76206e3bebb99e14353a7f	d__Bacteria; p__Actinobacteriota; c__Actinomycetia; o__Actinomycetales; f__Microbacteriaceae; g__Agromyces_B_382064	0.863154072791871
956f429027fe8c2bd44bc5945dafd7ad	d__Bacteria; p__Proteobacteria; c__Alphaproteobacteria; o__Rhizobiales_A_504723; f__Aestuariivirgaceae	0.7251801233734887
f171f695e67dafdfa3bc4ea45e48c453	d__Bacteria; p__Chloroflexota; c__Anaerolineae; o__Anaerolineales; f__Anaerolineaceae_409200; g__Flexilinea; s__Flexilinea sp902786265	0.9996634736703994
e82c9093693e7629e694f7ef9d6989f6	d__Bacteria; p__Proteobacteria; c__Gammaproteobacteria; o__Pseudomonadales_650611; f__Pseudomonadaceae	0.9943959732406703
c23f09b909a3082dfc2f2dbdbc7664bd	d__Bacteria; p__Firmicutes_A; c__Clostridia_258483; o__Peptostreptococcales; f__Anaerovoracaceae; g__RUG754; s__RUG754 sp900315895	0.8177498218542847
7835aaf22fccec0558496fbc82288e5a	d__Bacteria; p__Firmicutes_A; c__Clostridia_258483; o__Peptostreptococcales; f__Anaerovoracaceae; g__Hornefia	0.9960755220258231
b09eb9b712d8da895f0dbee427a1a591	d__Bacteria; p__Acidobacteriota; c__Vicinamibacteria; o__Vicinamibacterales	0.7853577379157183
268562fb503bfa543ee47c17177b20f9	d__Bacteria; p__Proteobacteria; c__Gammaproteobacteria; o__Steroidobacterales; f__Steroidobacteraceae	0.9811819985679026
9e8dfc218e84015bb40185d42281a9ee	d__Bacteria; p__Proteobacteria; c__Gammaproteobacteria; o__Xanthomonadales_613062; f__Rhodanobacteraceae_613062	0.9978532110718835
246c20fb68ba6b42199de278e7238a86	d__Bacteria; p__Firmicutes_A; c__Clostridia_258483; o__Christensenellales; f__CAG-74; g__SFMI01	0.7605341141153216
8447f0839cf75085a94fab291be9be80	d__Archaea; p__Methanobacteriota_A_1229; c__Methanobacteria; o__Methanobacteriales; f__Methanobacteriaceae; g__Methanobrevibacter_A	0.982974238050397
f1714a6cfaaa481ce548a9608b1812a3	d__Bacteria; p__Firmicutes_A; c__Clostridia_258483; o__Peptostreptococcales; f__Anaerovoracaceae; g__Eubacterium_N; s__Eubacterium_N saphenum	0.9817994074979178
4d0fd138c382a0f1eaea469cd16b8a14	d__Bacteria; p__Bacteroidota; c__Bacteroidia; o__Bacteroidales; f__Paludibacteraceae; g__F0058	0.8335520040333937
e73ebe1899f20b762cab0e5a85f513de	d__Bacteria; p__Desulfobacterota_I; c__Desulfobulbia; o__Desulfobulbales; f__Desulfobulbaceae; g__Desulfobulbus_A_451156; s__Desulfobulbus_A_451156 oralis	0.8906995370230244
2ecc26fa38d0f81cfd44270ae78aed8f	d__Bacteria; p__Firmicutes_D; c__Bacilli; o__Bacillales_B_302584	0.8558939485702228
07dae3ddceb57eb29048bd82c77d9228	d__Bacteria; p__Firmicutes_A; c__Clostridia_258483; o__Tissierellales; f__Peptoniphilaceae; g__Parvimonas; s__Parvimonas micra	0.8936144430941145
753adcffab1789e51335b16c46a8120f	d__Bacteria; p__Proteobacteria; c__Gammaproteobacteria	0.9074759635801293
add01eb7e5d5bf540fa1bf359c938531	d__Bacteria; p__Bacteroidota; c__Bacteroidia; o__Flavobacteriales_877923; f__Flavobacteriaceae; g__Capnocytophaga_820690; s__Capnocytophaga gingivalis	0.8394033265659719
38944b76c90c1642a3577f1ccc8cedd7	d__Bacteria; p__Actinobacteriota; c__Actinomycetia; o__Actinomycetales; f__Actinomycetaceae; g__Pauljensenia	0.9853466412385339
d56eb106101d763952845800113671b6	d__Bacteria; p__Bacteroidota; c__Bacteroidia; o__Cytophagales; f__Cyclobacteriaceae_900466; g__Chryseolinea; s__	0.9982728583970859
3f2e1626e5bb88d914bba1488f893cc8	d__Bacteria; p__Proteobacteria; c__Alphaproteobacteria	0.8176978219301158
019e4a461da508a5fc9520942fff7ba7	d__Bacteria; p__Proteobacteria; c__Gammaproteobacteria; o__Burkholderiales_595422; f__Burkholderiaceae_A_595422; g__Castellaniella	0.8664735231668157
d49410cd15c32cbad6a830a55eba5493	d__Bacteria; p__Firmicutes_D; c__Bacilli; o__Lactobacillales; f__Aerococcaceae; g__Abiotrophia; s__Abiotrophia defectiva	0.858870595846846
b64ec5485bab068975098b3f0e58492d	d__Bacteria; p__Proteobacteria; c__Alphaproteobacteria	0.8209854230639981
8ab324690443855f8f1bef18d50ffe43	d__Bacteria; p__Proteobacteria; c__Gammaproteobacteria; o__Burkholderiales_597441; f__Neisseriaceae_563222; g__Neisseria_563205	0.8067603885203091
eba18f1e9ef53eff7c582811875a64aa	d__Bacteria; p__Patescibacteria; c__Paceibacteria; o__Moranbacterales; f__DUUL01; g__DUUL01; s__DUUL01 sp012841575	0.9866833084807813
e7a665fae46b47c8a18315340ba9caf4	d__Bacteria	0.99792165941909
16df3d6ba4d2a0f063a3dfeb73ca9df9	d__Bacteria; p__Actinobacteriota; c__Acidimicrobiia_401430; o__Acidimicrobiales	0.8660227422054259
4a31178c7f986d6f6addf49355becf95	d__Bacteria; p__Actinobacteriota; c__Actinomycetia; o__Propionibacteriales; f__Kribbellaceae; g__Kribbella	0.8784864477081644
7cfad00ab36fd86f5c4df5e4b03aeb32	d__Bacteria; p__Proteobacteria; c__Gammaproteobacteria; o__Xanthomonadales_616009; f__Xanthomonadaceae_616009	0.997819597960678
f63ef0ab1cac2137e9dfb7e7074e31cd	d__Bacteria; p__Chloroflexota; c__Chloroflexia; o__Thermomicrobiales; f__; g__; s__	0.739506054538986
32b3e68ff3145fd0d4d05562a120bc91	d__Bacteria; p__Firmicutes_A; c__Clostridia_258483; o__Peptostreptococcales; f__Anaerovoracaceae; g__Hornefia	0.9956152633676109
48fe23708ca139962c6d6f8298307524	d__Bacteria; p__Proteobacteria; c__Gammaproteobacteria; o__Burkholderiales_597441; f__Neisseriaceae_563222; g__Neisseria_563205	0.9147303213363361
233fcf59f7a19d42db8b243e0b9aa35c	d__Bacteria; p__Firmicutes_A; c__Clostridia_258483; o__Peptostreptococcales; f__Anaerovoracaceae	0.8466444136756843
59ea8a9f2766b530d6e9bfb051ea3ec7	d__Bacteria; p__Proteobacteria; c__Gammaproteobacteria; o__Burkholderiales_592522; f__Burkholderiaceae_A_592522	0.9903065181304763
485739d31a097a4ad6bf92a49897d02c	d__Bacteria	0.9982323698411236
a9e24f83bc596ce23500f23aec15ca39	d__Bacteria; p__Campylobacterota; c__Campylobacteria; o__Campylobacterales; f__Arcobacteraceae; g__Aliarcobacter	0.9716496113461226
5cf8b1a7879de1254fe554d14e881cde	d__Bacteria; p__Proteobacteria; c__Alphaproteobacteria; o__Rhizobiales_A_504721; f__Hyphomicrobiaceae	0.8828912014780971
1fcf2316ac1d02fb2c8812d9c28261f1	d__Bacteria; p__Actinobacteriota; c__Actinomycetia; o__Mycobacteriales; f__Micromonosporaceae	0.9722533792018743
ffdad2142cb81512aad0aead76c8a40b	d__Bacteria; p__Proteobacteria; c__Alphaproteobacteria; o__Caulobacterales; f__TH1-2	0.9994583290018374
5336f563a5fedc6cd0063b4eea61faed	d__Bacteria; p__Proteobacteria; c__Gammaproteobacteria; o__Burkholderiales_592522; f__Burkholderiaceae_A_592522	0.9961846440480947
c47458a6dc729b3897ff33c0d9bc8a86	d__Bacteria; p__Proteobacteria; c__Gammaproteobacteria; o__Burkholderiales_597433; f__SG8-39; g__SCGC-AG-212-J23; s__SCGC-AG-212-J23 sp005881595	0.9933474084964579
9e7c4cb763c43e91bcd54849f3031a7d	d__Bacteria; p__Firmicutes_A; c__Clostridia_258483; o__Lachnospirales; f__Lachnospiraceae	0.9909182028439428
b1bed50a045a72aa77f8aad0ae664272	d__Bacteria; p__Bacteroidota; c__Bacteroidia; o__Flavobacteriales_877923; f__Weeksellaceae	0.9933213387871719
4c3db820bb39f4e9978f4f99626d2ecc	d__Bacteria; p__Chloroflexota; c__Limnocylindria; o__Limnocylindrales; f__CSP1-4; g__GWC2-73-18; s__	0.9907244875325192
a045a35edbc85814dd7cf4fd347ce3b5	d__Bacteria; p__Proteobacteria; c__Alphaproteobacteria; o__Dongiales; f__Dongiaceae; g__SYSU-D60009; s__SYSU-D60009 sp003574735	0.8543541110228883
c37f6296fc3d73cbe8d3d11728b07d2b	d__Bacteria; p__Actinobacteriota; c__Actinomycetia; o__Mycobacteriales; f__Pseudonocardiaceae	0.8668391543685655
cc2692db4986358269269b37f7a643e3	d__Bacteria; p__Bacteroidota; c__Bacteroidia; o__Cytophagales; f__Cyclobacteriaceae_900466; g__Ohtaekwangia; s__Ohtaekwangia flava	0.8228731217054756
33a4aa5476927727eaca03bfe55aef8c	d__Bacteria; p__Bacteroidota; c__Bacteroidia; o__Sphingobacteriales; f__Sphingobacteriaceae; g__Albibacterium	0.878073066930312
ddace2de973ff426029ce68eebdff587	d__Bacteria; p__Firmicutes_C; c__Negativicutes; o__Selenomonadales; f__Selenomonadaceae_42771; g__Centipeda	0.9937998771730723
516500a7a7f80c573b7e86a75f9102c0	d__Bacteria; p__Proteobacteria; c__Alphaproteobacteria; o__Rhizobiales_A_504721; f__Methyloligellaceae; g__Methyloceanibacter	0.9755286037636675
1809ca8d94c9de6f602a4eacf7f6ce7f	d__Bacteria; p__Bacteroidota; c__Bacteroidia; o__Flavobacteriales_877923; f__Flavobacteriaceae; g__Capnocytophaga_820690; s__Capnocytophaga granulosa	0.77590734270117
978f17cb6fb8298cc04e26e849d0e0fd	d__Bacteria; p__Firmicutes_D; c__Bacilli; o__Lactobacillales; f__Streptococcaceae; g__Streptococcus	0.997075672602835
2d9b0ca521f76d711b1282aebda5aa42	d__Bacteria; p__Gemmatimonadota; c__Gemmatimonadetes; o__Gemmatimonadales; f__GWC2-71-9; g__HRBIN33; s__	0.9167835532553877
746c5fc7fff07e6e580bfb4fedb91fdc	d__Bacteria; p__Actinobacteriota; c__Actinomycetia; o__Actinomycetales	0.8059748203973697
6f8e401f2bbe49af777524a85987d61f	d__Bacteria; p__Proteobacteria; c__Gammaproteobacteria; o__Enterobacterales_A_737866; f__Enterobacteriaceae_A	0.9995637635432795
5a55766eb8920820629137071ac517d8	d__Bacteria; p__Firmicutes_A; c__Clostridia_258483; o__Tissierellales; f__Sporanaerobacteraceae; g__Anaerosalibacter	0.9654812885929768
c111fe2e769ab434d1d5abf3715a8d7a	d__Bacteria; p__Bacteroidota; c__Bacteroidia; o__Chitinophagales; f__Chitinophagaceae_966727	0.9999365853790326
8ade8b4a71b02770a8f31b2cd1af2cbe	d__Bacteria; p__Proteobacteria; c__Alphaproteobacteria	0.9996065390344092
972335de0c7212067fd949f9f182af51	d__Bacteria; p__Fusobacteriota; c__Fusobacteriia; o__Fusobacteriales_993521; f__Fusobacteriaceae_993521; g__Fusobacterium_C	0.9822657980331237
01163ae276883077496b0631e7d382bf	d__Bacteria; p__Proteobacteria; c__Gammaproteobacteria; o__Burkholderiales_597433; f__SG8-39; g__SCGC-AG-212-J23; s__SCGC-AG-212-J23 sp005881595	0.9446053986132495
11daa23d36cf116086316a40e39abe6b	d__Bacteria; p__Proteobacteria; c__Alphaproteobacteria; o__Rhizobiales_A_504721; f__Methyloligellaceae; g__Methyloceanibacter	0.9937169278817619
3382786c7b5377edc8c42bc54f791d57	d__Bacteria; p__Actinobacteriota	0.9744291098032224
7eeea19903760d81496c7b10196c7b72	d__Bacteria; p__Proteobacteria; c__Gammaproteobacteria; o__Burkholderiales_597433; f__SG8-39; g__SCGC-AG-212-J23; s__SCGC-AG-212-J23 sp005881595	0.9860036654299347
f202c989335ea39a0953539dfdd6c6e4	d__Bacteria; p__Proteobacteria; c__Gammaproteobacteria; o__Cardiobacteriales; f__Cardiobacteriaceae; g__Cardiobacterium; s__Cardiobacterium valvarum	0.9961329562422834
5a056f93b213e182bbb6e2c11167cb92	d__Bacteria; p__Actinobacteriota; c__Actinomycetia; o__Propionibacteriales; f__Propionibacteriaceae; g__Arachnia	0.7147511821127165
19c32de31ab525449bd2a28e43966bed	d__Bacteria; p__Bacteroidota; c__Bacteroidia; o__Flavobacteriales_877923; f__Flavobacteriaceae	0.9996852358150243
c86316f23549939cd05c165c931b67d9	d__Bacteria; p__Firmicutes_C; c__Negativicutes; o__Veillonellales; f__Megasphaeraceae; g__Megasphaera_A_38565	0.7646632996712431
28df8ca6fe71eb0443869c181a5b3ae3	d__Bacteria; p__Proteobacteria; c__Gammaproteobacteria; o__Enterobacterales_A_737866; f__Enterobacteriaceae_A	0.9881011883785231
f5435bdc5faf0f769eb2071ee17a289f	d__Bacteria; p__Firmicutes_A; c__Clostridia_258483; o__Peptostreptococcales; f__Peptostreptococcaceae_256921; g__Peptostreptococcus	0.984171211485125
99781f175c6cd593281c54294b11791c	d__Bacteria; p__Campylobacterota; c__Campylobacteria; o__Campylobacterales; f__Campylobacteraceae; g__Campylobacter_A	0.9637690675251751
e413aa520364d8b8f6ae8d96ecb5b570	d__Bacteria; p__Proteobacteria; c__Alphaproteobacteria; o__Rhizobiales_A_504705; f__Xanthobacteraceae_503485; g__Bradyrhizobium	0.7663582984775219
bd55defc42b16c0a3c082ba5478265ca	d__Bacteria; p__Proteobacteria; c__Gammaproteobacteria; o__Pseudomonadales_660879; f__Moraxellaceae; g__Acinetobacter	0.9996142311374271
8c34026fe49fa227128001bd1d13aa4f	d__Bacteria; p__Actinobacteriota; c__Coriobacteriia; o__Coriobacteriales; f__Atopobiaceae	0.9770214310625565
b9d7e3d5a4f3c25e4938b2ac32af1ce8	d__Bacteria; p__Bacteroidota; c__Bacteroidia; o__Flavobacteriales_877923; f__Flavobacteriaceae; g__Capnocytophaga_820688; s__Capnocytophaga leadbetteri	0.833614026289883
7508f36b500167aecf24b918680f2469	d__Bacteria; p__Actinobacteriota; c__Actinomycetia; o__Streptosporangiales; f__Streptosporangiaceae	0.9747918017586923
0ae72ca4b6461fac49e3fd3ea21781f0	d__Bacteria; p__Gemmatimonadota; c__Gemmatimonadetes; o__Gemmatimonadales; f__GWC2-71-9	0.9949053465438766
7f4b430542d73fc1c1c3b3481c6fae57	d__Bacteria; p__Proteobacteria; c__Gammaproteobacteria; o__Enterobacterales_A_737866; f__Pasteurellaceae	0.9994124685146997
a4d969274253164ebf4b8b5a4775099a	d__Bacteria; p__Actinobacteriota; c__Actinomycetia	0.8749568360199561
c651d22b1aead8644651167704edf517	d__Bacteria; p__Firmicutes_A; c__Clostridia_258483; o__Peptostreptococcales; f__Anaerovoracaceae	0.8708814513086853
902879eeca90585c54181e0b7c7b01ca	d__Bacteria; p__Firmicutes_A; c__Clostridia_258483; o__Lachnospirales; f__Lachnospiraceae; g__Johnsonella; s__Johnsonella ignava	0.9782599452419581
18edf2979fec9982f1b606fcc16e69f6	d__Bacteria; p__Proteobacteria; c__Gammaproteobacteria; o__Xanthomonadales_616009; f__Xanthomonadaceae_616009	0.9937011117262073
93d5b9f37deb9a2045d4f82ac04c7455	d__Bacteria; p__Proteobacteria; c__Gammaproteobacteria; o__Burkholderiales_592522; f__Burkholderiaceae_A_592522	0.9601281077623829
8f1acd099e44311a7a8376490b903e2e	d__Bacteria; p__Proteobacteria; c__Gammaproteobacteria; o__Burkholderiales_592522; f__Burkholderiaceae_A_592522	0.9546633929050033
da33d21077e4d9f1ab7dcd2d824b6e2c	d__Bacteria; p__Synergistota; c__Synergistia; o__Synergistales; f__Aminobacteriaceae	0.9900927860098658
43a023c806409ea803ff16cf0c71241f	d__Bacteria; p__Firmicutes_A; c__Clostridia_258483; o__Peptostreptococcales; f__Anaerovoracaceae	0.9528234641098968
fad01b6cf1e377e7eb7b81fa34e6c74d	d__Bacteria; p__Spirochaetota; c__Spirochaetia; o__Treponematales; f__Treponemataceae; g__Treponema_D	0.9999655210932925
f97ef43b6b97c9fa17f95c05e37eb0ae	d__Bacteria; p__Proteobacteria; c__Gammaproteobacteria; o__Xanthomonadales_616009; f__Xanthomonadaceae_616009	0.9080862886663132
5c16a120b8c047f5a86fa5e0fd538914	d__Bacteria; p__Nitrospirota_A_437815; c__Nitrospiria; o__Nitrospirales; f__Nitrospiraceae; g__Nitrospira_A	0.859965195865934
5bd771b8ee89ccdab35bb849ef098caa	d__Bacteria; p__Fusobacteriota; c__Fusobacteriia; o__Fusobacteriales_993777; f__Leptotrichiaceae; g__Leptotrichia_A_993641; s__Leptotrichia_A sp001274535	0.7144762662224423
ab41af268b164f374d80cdcdb176effe	d__Bacteria; p__Firmicutes_A; c__Clostridia_258483; o__Eubacteriales_258471; f__Eubacteriaceae_258449; g__Pseudoramibacter; s__Pseudoramibacter alactolyticus	0.905188308263042
162f711627d8130193b18e2800b53c94	d__Bacteria; p__Bacteroidota; c__Bacteroidia; o__Flavobacteriales_877923; f__Flavobacteriaceae; g__Arenibacter; s__Arenibacter certesii	0.716628856873357
9056faf3f23107117b202f6e1b087ff5	d__Bacteria; p__Proteobacteria; c__Alphaproteobacteria	0.9362818118169498
893ece4b89664eca995c36db50af6f32	d__Bacteria; p__Bacteroidota; c__Bacteroidia; o__Bacteroidales; f__Tannerellaceae; g__Tannerella	0.8628377023804849
5e0cbaf2f6d295af6f557ec010c6ec15	d__Bacteria; p__Bacteroidota; c__Bacteroidia; o__Flavobacteriales_877923; f__Flavobacteriaceae; g__Flavobacterium	0.7954499754752392
7b78cc65893df876a11e820bfda74565	d__Bacteria; p__Actinobacteriota; c__Thermoleophilia	0.8459745127372548
080b502184eb4db75c9c799b3257022f	d__Archaea; p__Thermoproteota; c__Nitrososphaeria_A; o__Nitrososphaerales; f__Nitrososphaeraceae	0.9956120146456162
035d8e6a74519a2f84968f139d041f96	d__Bacteria; p__Acidobacteriota; c__Vicinamibacteria; o__Vicinamibacterales	0.8055514094268494
e5102d59d5a2b11ffadbf5f6cfadcf5d	d__Bacteria; p__Actinobacteriota; c__Actinomycetia; o__Actinomycetales; f__Micrococcaceae	0.9391220710762103
9964515ee117c7092c1c10d4919c4af4	d__Bacteria; p__Chlamydiota; c__Chlamydiia; o__Chlamydiales_778124; f__Rhabdochlamydiaceae; g__Rhabdochlamydia; s__	0.8932122377604518
d6b1a31fff05e803b855c2e786b76e27	d__Bacteria; p__Firmicutes_D; c__Bacilli; o__Lactobacillales	0.9891846809342246
0cf668f4c5dcf9d3f91ec92d47b07e17	d__Bacteria; p__Firmicutes_A; c__Clostridia_258483; o__Lachnospirales; f__Lachnospiraceae	0.9351260243680857
6f27f5b0636ce4a9c4376c4142f7b276	d__Bacteria; p__Proteobacteria; c__Gammaproteobacteria; o__Steroidobacterales; f__Steroidobacteraceae; g__Povalibacter; s__Povalibacter uvarum	0.9132708382552446
f501a67816ea1e428dc2b4ffd64ce8da	d__Bacteria; p__Bacteroidota; c__Bacteroidia; o__Chitinophagales; f__Chitinophagaceae_966727	0.9998727971036407
69ca20aef52189f9db23b61677e4727b	d__Bacteria; p__Proteobacteria; c__Gammaproteobacteria; o__Enterobacterales_A_737866; f__Pasteurellaceae	0.9999364404348147
6db03b315286ceedcf286173365c4a8a	d__Bacteria; p__Synergistota; c__Synergistia; o__Synergistales; f__Aminobacteriaceae	0.9440966110566138
a0521b948561262202ea42b37077d782	d__Bacteria; p__Planctomycetota; c__Planctomycetia; o__Pirellulales	0.9739788581700921
06215f9952ecabd23b948d49be28859a	d__Bacteria; p__Bacteroidota; c__Bacteroidia; o__Bacteroidales; f__Porphyromonadaceae; g__Porphyromonas_A_859423; s__Porphyromonas_A_859423 pasteri	0.7745092606591951
fe2a1474310d0451329424c9495a4d18	d__Bacteria	0.9999762580636712
03173a5f9a0103073a2f0427f8f56257	d__Bacteria; p__Firmicutes_A; c__Clostridia_258483; o__Christensenellales; f__CAG-74; g__SFMI01; s__SFMI01 sp004556155	0.7357509915977969
d8f2549e0a2608a9edb5cce4c6bfda44	d__Bacteria; p__Actinobacteriota; c__Actinomycetia; o__Actinomycetales; f__Actinomycetaceae; g__Actinomyces	0.9061292485455601
180a6a9938879e61f990146036bbef55	d__Bacteria; p__Proteobacteria; c__Alphaproteobacteria	0.8947736351102825
0d89a9265f5e83b7dc950ceef5a1ff5a	d__Bacteria; p__Bacteroidota; c__Bacteroidia; o__Cytophagales; f__Cyclobacteriaceae_900466; g__ELB16-189; s__ELB16-189 sp001567185	0.9221445754752404
ec5a7af33af311954e4e016368d4acb4	d__Bacteria; p__Actinobacteriota; c__Actinomycetia; o__Actinomycetales; f__Microbacteriaceae	0.9998833296039024
0481a9db6f6c8efb4c0805cab9d7a809	d__Bacteria; p__Actinobacteriota	0.9806873369050774
4a664647fd630d59497e4a0da7eeff8a	d__Bacteria; p__Firmicutes_A; c__Clostridia_258483; o__Peptostreptococcales; f__Anaerovoracaceae; g__Hornefia	0.9525461511824074
60a3e4d0d46ffc271b622aa5c2339ca0	d__Bacteria; p__Proteobacteria; c__Gammaproteobacteria	0.7606017897280338
7ebeed655d8ac27398e2918db7cef5fd	d__Bacteria; p__Proteobacteria; c__Alphaproteobacteria; o__Caulobacterales; f__Caulobacteraceae; g__Brevundimonas	0.995941932088773
811031db7d8d06caa477f3a1e2dad9d5	d__Archaea; p__Methanobacteriota_A_1229; c__Methanobacteria; o__Methanobacteriales; f__Methanobacteriaceae; g__Methanobrevibacter_A; s__Methanobrevibacter_A oralis	0.838432014431271
367828d1252889baf268e163fb21094a	d__Bacteria; p__Bacteroidota; c__Bacteroidia; o__Bacteroidales	0.8828472737953874
a6c4fdd5386e1f71b2cf74f45352ac2b	d__Bacteria; p__Firmicutes_A; c__Clostridia_258483	0.8921821918571395
c5f974c411ab88ef196528d7f25b331f	d__Bacteria; p__Actinobacteriota; c__Thermoleophilia; o__Solirubrobacterales; f__Solirubrobacteraceae_405335; g__Patulibacter	0.9953309579899412
132f8c462bb175a4f21295a6e7ffb025	d__Bacteria; p__Proteobacteria; c__Gammaproteobacteria; o__Burkholderiales_597441	0.7368075320484332
1edbcb39cbb512e15cba0a99d36fe411	d__Bacteria; p__Firmicutes_D; c__Bacilli; o__Bacillales_D_310495; f__Amphibacillaceae	0.8832803762587543
2fffa5240b238ca5c44978ecd7c2f761	d__Archaea; p__Thermoproteota; c__Nitrososphaeria_A; o__Nitrososphaerales; f__Nitrososphaeraceae; g__TA-21; s__TA-21 sp005877075	0.704235015304295
0973f06f7e60e12f99daaa26517f0dce	d__Bacteria	0.9998483044727721
e29ff19b6038a5c35f552d828fe4c790	d__Bacteria; p__Gemmatimonadota; c__Gemmatimonadetes; o__Gemmatimonadales; f__GWC2-71-9; g__AG41; s__AG41 sp003222085	0.8883419926451854
68632df1e8e0294d4e5eda1119c071a9	d__Bacteria; p__Actinobacteriota; c__Acidimicrobiia_401430; o__Acidimicrobiales	0.8101897156151505
b871eb06bb0e7729be4292d3c96cfb0c	d__Bacteria; p__Proteobacteria; c__Gammaproteobacteria; o__Burkholderiales_592524; f__Burkholderiaceae_A_574758	0.9839706499336609
393fbb84760d404d0318395c36a65ea0	d__Bacteria; p__Bacteroidota; c__Bacteroidia	0.9957680332691209
f6b0b724bf9cb7b66553e763093f87b8	d__Bacteria; p__Proteobacteria; c__Gammaproteobacteria; o__Burkholderiales_595422; f__Burkholderiaceae_A_595422; g__Advenella	0.7231605326328986
b54877ae85d3230c3c240416e04b782a	d__Bacteria; p__Chloroflexota; c__Anaerolineae; o__Anaerolineales; f__Anaerolineaceae_409200; g__Flexilinea; s__Flexilinea sp902786265	0.9992798377641184
80c693683ba079be5454406b5eeac44a	d__Bacteria; p__Spirochaetota; c__Spirochaetia; o__Treponematales; f__Treponemataceae; g__Treponema_B_986141	0.9999197814052938
434c6a17479c34ffeda4b93b78f356e0	d__Bacteria; p__Gemmatimonadota; c__Gemmatimonadetes; o__Gemmatimonadales; f__GWC2-71-9	0.947751734728154
34ec65589765fd9d43676cd135b6b557	d__Bacteria; p__Bacteroidota; c__Bacteroidia; o__Flavobacteriales_877923; f__Flavobacteriaceae	0.9997998745559031
35e04178223944064bf43fe63af3efe0	d__Bacteria; p__Actinobacteriota; c__Actinomycetia; o__Mycobacteriales; f__Pseudonocardiaceae; g__Pseudonocardia	0.9297736133906198
31ea26028c0c95f56572e55e989f4442	d__Bacteria; p__Proteobacteria; c__Alphaproteobacteria; o__Rhizobiales_A_502138; f__Devosiaceae; g__Devosia_A_502124; s__Devosia_A_502124 ginsengisoli	0.8794269842096872
3d27a0848ab55a48ae16e527cf907aa6	d__Bacteria; p__Myxococcota_A_473307; c__UBA9160; o__UBA9160; f__; g__; s__	0.8581373234106875
a04652abb34f82c9cca89a0dcbb880ca	d__Bacteria; p__Firmicutes_A; c__Clostridia_258483; o__Eubacteriales_258471; f__Eubacteriaceae_258449; g__Pseudoramibacter; s__Pseudoramibacter alactolyticus	0.9959446023499466
cfa8cbcd680355ee7b0af04b534d3e16	d__Bacteria; p__Firmicutes_D; c__Bacilli; o__Paenibacillales; f__Paenibacillaceae_367444	0.9383609702924064
6e057d5be84eee518a22f1f6f1df4735	d__Bacteria; p__Actinobacteriota	0.8785013337886329
f9c80a544f1d2a353c8b4d4bee9cb545	d__Bacteria; p__Proteobacteria; c__Gammaproteobacteria; o__Steroidobacterales; f__Steroidobacteraceae; g__SCUD01; s__SCUD01 sp004297335	0.9216537321397613
c393270aed615f540e4b3e274ed01832	d__Bacteria; p__Bacteroidota; c__Bacteroidia; o__Cytophagales; f__Cyclobacteriaceae_900466; g__ELB16-189; s__	0.8958773830188704
8e9de861332f95000b4e5e5a03eb2818	d__Bacteria; p__Actinobacteriota	0.9815877562785099
d0bae02115a51ebba6fa6baa3f44ebcc	d__Bacteria; p__Actinobacteriota	0.7763837207010221
4721edb1d10a4960f38ca61280ecd2fe	d__Bacteria; p__Fusobacteriota; c__Fusobacteriia; o__Fusobacteriales_993777; f__Leptotrichiaceae; g__Leptotrichia_A_993641; s__Leptotrichia_A sp001274535	0.9922795180957883
6b8e74458ec130dd56ef24016899c3a4	d__Bacteria; p__Actinobacteriota; c__Thermoleophilia	0.7449173220866984
80bd1e8ba33f50dbeb04a31235bae8e7	d__Bacteria; p__Bacteroidota; c__Bacteroidia; o__Cytophagales; f__Cyclobacteriaceae_900466	0.9991687813682649
7bca73c25d6bb9a2c7d13f95d476bb62	d__Bacteria; p__Bacteroidota; c__Bacteroidia; o__Flavobacteriales_877923; f__Flavobacteriaceae	0.9976181066354639
1c24924467239c76c9ab9a48afecf200	d__Bacteria	0.9974824824316879
d0c19a9a7f695e8adc1fb47f365f069d	d__Bacteria; p__Firmicutes_D; c__Bacilli; o__Erysipelotrichales; f__Erysipelotrichaceae	0.9962811576744457
ef3431c1a2fed1f919462c520ea102dc	d__Bacteria; p__Firmicutes_A; c__Clostridia_258483; o__Peptostreptococcales; f__Anaerovoracaceae; g__Mogibacterium; s__Mogibacterium timidum	0.9389505059689247
c51d7ada411a6638de903bf0dd6ebcac	d__Bacteria; p__Actinobacteriota; c__Actinomycetia; o__Actinomycetales; f__Actinomycetaceae; g__Actinomyces	0.8473287051694538
f62aa367ef3bbe73cbb0b5d11df4aa17	d__Bacteria; p__Actinobacteriota; c__Actinomycetia; o__Actinomycetales	0.7229557779384973
f9c4cfde82931939abe68571b58c056f	d__Bacteria; p__Methylomirabilota; c__Methylomirabilia; o__Methylomirabilales; f__CSP1-5; g__CSP1-5; s__CSP1-5 sp001643535	0.8706220858949092
59bb5d91d3ba41ad2cddc79041a9812d	d__Bacteria; p__Zixibacteria; c__MSB-5A5_778960; o__GN15; f__PGXB01; g__; s__	0.797468602759135
7d9f89813b0c9ef8304001d047a082af	d__Archaea; p__Thermoproteota; c__Nitrososphaeria_A; o__Nitrososphaerales; f__Nitrosopumilaceae; g__Nitrosopumilus_5141	0.8424688879972908
4bebd1290b2cd7650ac22e0798f38dbd	d__Bacteria; p__Proteobacteria; c__Gammaproteobacteria; o__Enterobacterales_A_737866; f__Pasteurellaceae	0.999936402430523
18ac776d49a5a97e41ea842cdad0e353	d__Bacteria; p__Actinobacteriota; c__Actinomycetia; o__Propionibacteriales; f__Nocardioidaceae; g__Nocardioides_A_392796	0.9905174388474923
1e76b768354f447d6b2203982ab03dc1	d__Bacteria; p__Chloroflexota; c__Chloroflexia; o__Thermomicrobiales; f__; g__; s__	0.9668809822735956
1e9352c924bd2e28ddb7f6d23b17a116	d__Bacteria; p__Proteobacteria; c__Gammaproteobacteria; o__Steroidobacterales; f__Steroidobacteraceae; g__Bog-1198; s__Bog-1198 sp003134045	0.7258548219339491
3b203185395c0131e1e357b40d03d03f	d__Bacteria; p__Actinobacteriota; c__Actinomycetia; o__Mycobacteriales	0.9116995307230703
1b8e99f6204cdfaa8d1027120f0fa1b8	d__Bacteria; p__Bacteroidota; c__Bacteroidia; o__Flavobacteriales_877923; f__Flavobacteriaceae	0.8436492681559745
bbf50f74469dd54c97936baec1e97732	d__Bacteria; p__Proteobacteria; c__Gammaproteobacteria	0.984610113148388
f19bb30d3fa27e9f8461df6cf47d5498	d__Bacteria	0.9984714631572291
3e26ed71b95b448d933671d41ad426c1	d__Bacteria; p__Methylomirabilota; c__Methylomirabilia; o__Rokubacteriales; f__CSP1-6; g__UBA12499; s__UBA12499 sp001788395	0.9392025639181139
265bb34b5f6283b48364733f1e960462	d__Bacteria; p__Planctomycetota; c__Planctomycetia; o__Gemmatales; f__Gemmataceae	0.9981528350727423
70882433de4b24f0c348057c82bb09dc	d__Bacteria; p__Patescibacteria; c__Saccharimonadia; o__Saccharimonadales	0.9998793775571895
de8d030921d49ec0f6ea5d7389d63268	d__Bacteria; p__Firmicutes_A; c__Clostridia_258483; o__Oscillospirales; f__Butyricicoccaceae; g__Butyricicoccus_A_77419; s__Butyricicoccus_A porcorum	0.8151521879413559
df2ec37506d94b86c0455e847fc3e280	d__Bacteria; p__Firmicutes_D; c__Bacilli	0.9992922302707484
704a588b83a1bb2b49eb7fcc7cb0bac8	d__Bacteria; p__Bacteroidota; c__Bacteroidia; o__Chitinophagales; f__Chitinophagaceae_966727	0.999888479642889
dd91562861f492bf2888417fd0475efc	d__Bacteria; p__Proteobacteria; c__Alphaproteobacteria; o__Rhizobiales_A_501637; f__Kaistiaceae_501637; g__Kaistia	0.9187430587871518
6e5161b9d5d87613acfeddf3c6a93864	d__Bacteria	0.9999993614580258
68fd59cdb503e9448b97705d744aa9f6	d__Bacteria; p__Proteobacteria; c__Alphaproteobacteria; o__Rhizobiales_A_504705; f__Beijerinckiaceae; g__Microvirga	0.7292486681413903
1227c8f71245f4e8de996fe0c9334080	d__Bacteria; p__Planctomycetota; c__Planctomycetia; o__Pirellulales	0.9956154714890649
389739fed22294aa25ba2f4552d7fc9f	d__Bacteria; p__Actinobacteriota; c__Thermoleophilia; o__Gaiellales; f__Gaiellaceae; g__Gaiella; s__	0.8547344262096325
6eb2e74954ee5e8fb880dfdd03989166	d__Bacteria; p__Proteobacteria; c__Gammaproteobacteria; o__Nevskiales; f__Nevskiaceae; g__Panacagrimonas; s__Panacagrimonas perspica	0.7480522354730723
4d4c4b45daab81ddbb605672ec203935	d__Bacteria; p__Actinobacteriota; c__Actinomycetia; o__Actinomycetales; f__Actinomycetaceae; g__Actinomyces; s__Actinomyces dentalis	0.7975095725996548
8991bf70a3f06f9531d9a96e18d771c3	d__Bacteria; p__Proteobacteria; c__Alphaproteobacteria; o__Rhizobiales_A_502138; f__Devosiaceae; g__Devosia_A_502124; s__Devosia_A_502124 ginsengisoli	0.7065607516831672
448a8e2e36de7d482bedb7c09eb7b8c0	d__Bacteria; p__Proteobacteria; c__Alphaproteobacteria; o__Caulobacterales; f__Caulobacteraceae	0.9977135011407915
a516a7dc353b93748f87c043d4a04e27	d__Bacteria; p__Actinobacteriota; c__Actinomycetia; o__Propionibacteriales; f__Nocardioidaceae; g__Nocardioides_A_392796	0.9866679032312464
05d4433d0f88287cb051022690227042	d__Bacteria; p__Proteobacteria; c__Gammaproteobacteria; o__Pseudomonadales_650611; f__Pseudomonadaceae	0.9747894041857487
d8ad6f43d8507092efb6946d6ebdb51d	d__Bacteria; p__Proteobacteria; c__Alphaproteobacteria; o__Rhizobiales_A_501396; f__Rhizobiaceae_A_499470	0.9839119985922468
01ede6a84b9f4404884fd5f2888a9fac	d__Bacteria; p__Actinobacteriota; c__Coriobacteriia; o__Coriobacteriales; f__Eggerthellaceae	0.7740278506330465
e1dabbd142ea4cfebd2b7b82917988f3	d__Bacteria; p__Chloroflexota; c__Chloroflexia; o__Thermomicrobiales; f__Thermomicrobiaceae; g__Nitrolancea; s__Nitrolancea hollandica	0.7668016556283627
5fe8bc0f97076881ad28167713c82fe8	d__Bacteria	0.9999985247546174
04bccba40cf7c05547f19495b542b37f	d__Bacteria; p__Firmicutes_A; c__Clostridia_258483; o__Lachnospirales; f__Lachnospiraceae; g__Lachnoanaerobaculum	0.9978431558997818
6a10ee5f6304242ff04b3901a982e004	d__Bacteria; p__Methylomirabilota; c__Methylomirabilia; o__Rokubacteriales; f__; g__; s__	0.8193509886755296
dd00fe41ec71a53e6733db499a890faf	d__Bacteria	0.9974974429180875
1d27bddd9148659e8a5e8f1352da4b18	d__Bacteria; p__Firmicutes_C; c__Negativicutes; o__Selenomonadales; f__Selenomonadaceae_42771; g__Selenomonas_B_42762; s__Selenomonas sputigena	0.9391172272613596
ceb8faabddfc8940a1ff56abd848e6fe	d__Bacteria; p__Proteobacteria; c__Alphaproteobacteria; o__Rhizobiales_A_504721; f__Methyloligellaceae; g__Methyloceanibacter	0.8401183148142333
89f5d5fb3befe568f0d49b8e5cb52499	d__Bacteria; p__Nitrospirota_A_437815; c__Nitrospiria; o__Nitrospirales; f__Nitrospiraceae	0.9980679643837704
1ef89cd0d17b92264bd1244c59c1b622	d__Bacteria	0.9997751449532957
3c8bb71d557fd7482f8ad8d0991d91c4	d__Bacteria; p__Actinobacteriota; c__Actinomycetia; o__Mycobacteriales; f__Pseudonocardiaceae	0.9299378448249337
f5ab7b881030832859f1811034f71516	d__Bacteria; p__Actinobacteriota; c__Actinomycetia; o__Streptosporangiales; f__Streptosporangiaceae; g__Nonomuraea_394555	0.924187263497977
5cfee5ff52c192f03ba226d141c5a5b9	d__Bacteria; p__Actinobacteriota; c__Actinomycetia; o__Mycobacteriales; f__Mycobacteriaceae; g__Mycobacterium	0.8504147522240588
48ed0e8a8289d3f17a452d26109368aa	d__Bacteria	0.9873106850714133
48bb6b7c704bda9d761c4920019c00f1	d__Archaea; p__Thermoproteota; c__Nitrososphaeria_A; o__Nitrososphaerales; f__Nitrososphaeraceae; g__Nitrososphaera	0.7086431347444407
92e1b1e626c90b0cebc7c91aee0201f8	d__Bacteria; p__Chloroflexota; c__Anaerolineae; o__Anaerolineales; f__Anaerolineaceae_409200; g__Flexilinea; s__Flexilinea sp902786265	0.7012751108102001
39734d903ee84508c80e1b752c7b079c	d__Bacteria; p__Bacteroidota; c__Bacteroidia; o__Flavobacteriales_877923; f__Weeksellaceae	0.9830654631458592
4d986e9b96b6c3b190e32fe3e92275a0	d__Bacteria; p__Bacteroidota; c__Bacteroidia; o__Bacteroidales; f__Tannerellaceae	0.9808623273715567
42f3d4c0b88262626470be0e4251778f	d__Bacteria; p__Proteobacteria; c__Alphaproteobacteria; o__Rhizobiales_A_504705	0.900933755256426
187d2d873d83d6e881e1d1e3e095dc78	d__Bacteria; p__Firmicutes_A; c__Clostridia_258483; o__Clostridiales; f__Clostridiaceae_222000; g__Clostridium_G	0.9724863935259977
a0cd845ee1e48512466d1b97f6eaedb3	d__Bacteria	0.9893912607652394
4b39aa45ad96b9e5f5d6f4fd3779198f	d__Bacteria; p__Planctomycetota; c__Planctomycetia; o__Pirellulales; f__UBA1268; g__; s__	0.885289526705634
5cf3b70e108f165a23f2ddba5c73f34e	d__Bacteria; p__Proteobacteria; c__Gammaproteobacteria	0.8924815120780248
cf9b0b03f5e9dd5bea62fa75e5cc42ca	d__Bacteria; p__Proteobacteria; c__Gammaproteobacteria	0.9934597141897232
09827f082f89a522f4194f586ccfdee9	d__Bacteria	0.9972946902443686
926dcdbe797973d43779b20e71badd46	d__Bacteria; p__Actinobacteriota; c__Coriobacteriia; o__Coriobacteriales; f__Atopobiaceae; g__Lancefieldella; s__Lancefieldella sp000564995	0.7143163816079763
63a2a17b9eda2969af2e9a3a12108354	d__Bacteria; p__Firmicutes_A; c__Clostridia_258483; o__Lachnospirales; f__Lachnospiraceae	0.915458764636053
9d1ba6405906e33cd5c6338b11914d90	d__Bacteria; p__Actinobacteriota; c__Actinomycetia; o__Propionibacteriales; f__Nocardioidaceae; g__Aeromicrobium	0.8131386274886352
1a49bf43db07e0976bde52259fa2b152	d__Bacteria; p__Bacteroidota; c__Bacteroidia; o__Sphingobacteriales; f__Sphingobacteriaceae	0.9898432604826585
1bc8caa9202dfeb5c1314ea8c7386d02	d__Bacteria; p__Bacteroidota; c__UBA10030; o__UBA10030; f__UBA10030; g__2-02-FULL-55-14; s__2-02-FULL-55-14 sp001802945	0.9996478720908856
da1ddb0067cf212c5040630c91f36d72	d__Bacteria	0.9990740822863448
78c76e843968d725699a6667c740b0ff	d__Bacteria; p__Planctomycetota; c__Planctomycetia; o__Gemmatales; f__Gemmataceae; g__; s__	0.7769960111060771
cc77d9e88382d849aab3cda3c4193d54	d__Bacteria	0.9983165471594757
ca8bdd0422cc65524b5aa61270fbbb78	d__Bacteria; p__Proteobacteria; c__Gammaproteobacteria; o__Burkholderiales_597433; f__SG8-39; g__SCGC-AG-212-J23; s__SCGC-AG-212-J23 sp005881595	0.9956623779949593
76b728bcaef936d326e5e382f4857bfb	d__Bacteria; p__Proteobacteria; c__Gammaproteobacteria	0.8771121421477617
38c92d30359706165e02cedfe3957eb0	d__Bacteria; p__Proteobacteria; c__Gammaproteobacteria; o__Xanthomonadales_616009; f__Xanthomonadaceae_616009; g__Lysobacter_A_615995	0.9464102753002432
33a1216469edaa3c5944f6ebedc9670a	d__Bacteria; p__Proteobacteria; c__Gammaproteobacteria	0.9956077253094703
b95bb4c417c98764de606e5ea30a310c	d__Bacteria; p__Methylomirabilota; c__Methylomirabilia; o__Rokubacteriales; f__CSP1-6	0.7855900331876353
aa7780d78aa0cfbf93bfb7ee64a1e924	d__Bacteria; p__Spirochaetota; c__Spirochaetia; o__Treponematales; f__Treponemataceae; g__Treponema_C; s__Treponema_C maltophilum	0.9993628489140287
b47a46b1602991c0cea3e3ed70675b09	d__Bacteria; p__Actinobacteriota; c__Actinomycetia; o__Mycobacteriales; f__Mycobacteriaceae	0.7935249854121714
59d5b4b2327d75fea4badf59b8133c6e	d__Bacteria; p__Eisenbacteria; c__RBG-16-71-46; o__SZUA-252; f__SZUA-252; g__WS-7; s__WS-7 sp005893275	0.9821344858872654
385f03930f826c4cc9746be1aa1099a0	d__Bacteria; p__Planctomycetota; c__Phycisphaerae; o__Phycisphaerales	0.7155366207846986
a80f7bb2977b574ca84095700571b7a1	d__Bacteria	0.9996246394500233
c912b09aa6dc843c7b540206cdab1330	d__Bacteria; p__Eisenbacteria; c__RBG-16-71-46; o__RBG-16-71-46; f__RBG-16-71-46; g__RBG-16-71-46; s__RBG-16-71-46 sp001780165	0.824967084892083
2c91f4d0885e23406c691c702a4cfe7c	d__Bacteria; p__Proteobacteria; c__Gammaproteobacteria	0.7833115507949012
2fd716ebb0445e0fda34195b1fa3788f	d__Archaea; p__Thermoproteota; c__Nitrososphaeria_A; o__Nitrososphaerales; f__Nitrososphaeraceae	0.9907040494980206
0af7fe09f325b5203a4b30c935445b1d	d__Bacteria; p__Acidobacteriota; c__Vicinamibacteria; o__Vicinamibacterales	0.9746473145008248
56a55b9594ae0c4979c79ac371041e5a	d__Bacteria; p__Desulfobacterota_I; c__Desulfovibrionia; o__Desulfovibrionales; f__Desulfomicrobiaceae; g__Desulfomicrobium; s__Desulfomicrobium orale	0.9347583172800868
930e03cbc2f5eef7760b96fd8229a03a	d__Bacteria; p__Firmicutes_A; c__Clostridia_258483; o__Oscillospirales; f__Butyricicoccaceae; g__Butyricicoccus_A_77419; s__Butyricicoccus_A porcorum	0.8436066804447201
521a70377ef820b019dee57eb8b5a0f8	d__Bacteria; p__Fusobacteriota; c__Fusobacteriia; o__Fusobacteriales_993777; f__Leptotrichiaceae; g__Leptotrichia_A_993641; s__Leptotrichia_A sp001274535	0.973085463359885
f7168d7b5980a0b89159028682898deb	d__Bacteria	0.9999784559408238
1b53f3bd1d22407f7f9a719a835c21b4	d__Bacteria; p__Proteobacteria; c__Alphaproteobacteria; o__Rhizobiales_A_501582; f__Pleomorphomonadaceae; g__; s__	0.7425931210741167
4823c2a90273aea988f0c4128f8a7fc9	d__Bacteria; p__Patescibacteria; c__UBA1384; o__UBA12157_A; f__UBA12157; g__GWE1-39-12; s__GWE1-39-12 sp001029735	0.8175410264754479
1d5506f847747b23f3657e89aee2b434	d__Bacteria; p__Firmicutes_A; c__Clostridia_258483; o__Lachnospirales; f__Lachnospiraceae; g__Lachnoanaerobaculum	0.9149800207679815
e95806975abb134addc7defb23aa3f64	d__Bacteria; p__Actinobacteriota; c__Coriobacteriia; o__Coriobacteriales; f__Atopobiaceae	0.9815541298462063
cfa6c2ccf59ec1effdbac35bb1df0406	d__Bacteria; p__Campylobacterota; c__Campylobacteria; o__Campylobacterales; f__Sulfurimonadaceae; g__Sulfurimonas	0.999844793792867
c9a5abab99011302a549b8f5e97dee39	d__Bacteria; p__Proteobacteria; c__Gammaproteobacteria; o__Burkholderiales_597441	0.7006578730753149
359df1a652e0a4eb74534456cf908cf6	d__Bacteria; p__Proteobacteria; c__Alphaproteobacteria	0.9309538145900186
311f66e1cc651f5a3b9e50319218e7a9	d__Bacteria	0.9965515357265307
0a84ee95e144d2490dbc511f87e5cd99	d__Bacteria; p__Proteobacteria; c__Gammaproteobacteria; o__Burkholderiales_597432; f__Rhodocyclaceae	0.98256325782221
ffeea51594f0e453244075febda9b222	d__Bacteria; p__Synergistota; c__Synergistia; o__Synergistales; f__Synergistaceae; g__Syner-03; s__Syner-03 sp002839185	0.7921250961727287
c4771a613423a2649c5025689bc910fe	d__Bacteria; p__Actinobacteriota; c__Thermoleophilia; o__Solirubrobacterales; f__70-9	0.9782295828145965
b4b529f1905241f1de1cfeb1cb0af99c	d__Bacteria; p__Proteobacteria; c__Gammaproteobacteria	0.9957334857895395
55848ef102c86b07ceb291fb951951b0	d__Bacteria; p__Actinobacteriota	0.8835708411529832
dbb5a5c405d1d79a32c3aacd485a5a2b	d__Bacteria; p__Acidobacteriota; c__Thermoanaerobaculia; o__UBA5704; f__QQVD01; g__WTGL01	0.8785966501619769
fbe3bc796e5ec81590a22764f8761449	d__Bacteria; p__Krumholzibacteriota; c__Krumholzibacteria; o__LZORAL124-64-63; f__LZORAL124-64-63; g__; s__	0.9345660142315321
1e3157193f3b15ca8146bf3f9d276e28	d__Bacteria; p__Fusobacteriota; c__Fusobacteriia; o__Fusobacteriales_993777; f__Leptotrichiaceae; g__Leptotrichia_A_993758	0.999543711269525
46fb6404a102d62440df37c761b1b0ef	d__Bacteria; p__Proteobacteria; c__Alphaproteobacteria	0.9884607602029539
608a3d3ce13be90d1bbe503c71bb4718	d__Bacteria; p__Proteobacteria; c__Alphaproteobacteria; o__Caulobacterales; f__Caulobacteraceae; g__Brevundimonas	0.9958728532662149
cf54d592c0c0bf6f381f1f4247c46e03	d__Bacteria; p__Proteobacteria; c__Alphaproteobacteria; o__Rhizobiales_A_504705; f__Xanthobacteraceae_503485	0.7373198303408032
913d02e26fa0e0e67798781a0c4e3195	d__Bacteria	0.9999579563767332
41bb725e655a0ca26044e072a2584e7f	d__Bacteria; p__Planctomycetota; c__Planctomycetia; o__Pirellulales	0.9955891631959739
5e6bff3e0d237be9d30479545853b036	d__Bacteria; p__Proteobacteria; c__Alphaproteobacteria	0.8831710474918973
f2565af7300710f6258846430c80bb6e	d__Bacteria; p__Firmicutes_A; c__Clostridia_258483; o__Christensenellales; f__CAG-74	0.9924347167582873
3a7dbc443a5c44a6ff6ae5cc3acaef73	d__Bacteria; p__Actinobacteriota; c__Actinomycetia; o__Mycobacteriales; f__Mycobacteriaceae; g__Corynebacterium; s__Corynebacterium matruchotii	0.8777911882695103
3023da26dffe757975f0e3a81a5ef592	d__Bacteria; p__Patescibacteria; c__Saccharimonadia; o__Saccharimonadales	0.9999229661266519
8c661f51c0064ede0f8ef0e34e9eb45d	d__Bacteria; p__Elusimicrobiota; c__Endomicrobia; o__Endomicrobiales; f__Endomicrobiaceae	0.9981875449424298
b81880ea871aa0b59a66e42465e71dd6	d__Bacteria; p__Campylobacterota; c__Campylobacteria; o__Campylobacterales; f__Campylobacteraceae; g__Campylobacter_B; s__Campylobacter_B gracilis	0.7620162138672831
f88fabff83f18a74a3653d132e67a892	d__Bacteria; p__Bacteroidota; c__Bacteroidia; o__Chitinophagales	0.9739470037253201
c3ed0a9a496d65081221b6b8d7392cad	d__Bacteria; p__Bacteroidota; c__Bacteroidia; o__Sphingobacteriales; f__Sphingobacteriaceae; g__Sphingobacterium	0.8862441345045236
7e2824cc11db62a2a67b5ed82cbd61f1	d__Bacteria	0.9890847280113731
29b92faf88559063c5204a461936039b	d__Bacteria; p__Firmicutes_D; c__Bacilli	0.9470863205711443
3e034e891ac45f40ac4a58329890f4a4	d__Bacteria; p__Bacteroidota; c__Bacteroidia; o__Flavobacteriales_877923; f__Weeksellaceae; g__Bergeyella_A_791830	0.9994506013618066
f40732cae6f3a29865e58826b2951a87	d__Bacteria; p__Desulfobacterota_B; c__Binatia; o__UBA9968; f__UBA9968	0.9927236310155286
382d76afbaff59af0461612642a9830e	d__Bacteria; p__Bacteroidota; c__Bacteroidia; o__Chitinophagales; f__Chitinophagaceae_966727; g__Arachidicoccus	0.9504054793671136
20663eb0417d0f1a2de34b959ee6bbbb	d__Bacteria; p__Verrucomicrobiota; c__Verrucomicrobiae; o__Verrucomicrobiales; f__Akkermansiaceae; g__Luteolibacter_776538	0.968682150494113
6f541864c7adf1217b7452d8ba3a6c1c	d__Bacteria; p__Planctomycetota; c__Planctomycetia; o__Pirellulales	0.9081723692116033
777949ad9f9e0e35b293c1c22e695771	d__Bacteria	0.9981057951386619
22f661fd90e0176ea3641cdf8b0035f4	d__Bacteria; p__Bacteroidota; c__Bacteroidia; o__Bacteroidales; f__Bacteroidaceae; g__Prevotella; s__Prevotella loescheii	0.9883898672584911
aa9c76fe3feb01b55095dea5c135c132	d__Bacteria; p__Actinobacteriota; c__Actinomycetia; o__Actinomycetales	0.8130933762876837
e22ba91eebb129ae55a4198ed27fe75e	d__Bacteria	0.9998325098545098
1d267d9a5e5ead67d0ed46825d84b49c	d__Bacteria; p__Bacteroidota; c__Bacteroidia; o__Flavobacteriales_877923; f__Flavobacteriaceae	0.9951354710606536
d140a45dbf8bbd0bdc9aac3c454ccd05	d__Bacteria; p__Bacteroidota; c__Bacteroidia; o__Sphingobacteriales; f__Sphingobacteriaceae; g__Sphingobacterium; s__Sphingobacterium sp000783305	0.7910124731723219
786b7021a023910ea67d659753dc5729	d__Bacteria	0.9998886658230158
4c41fd296925129f1f46a331cd0e2d0e	d__Bacteria; p__Bacteroidota; c__Bacteroidia; o__Flavobacteriales_877923; f__Flavobacteriaceae	0.9998291953924829
536f2016e01ad0a18578d9f1ad896a41	d__Archaea; p__Thermoproteota; c__Nitrososphaeria_A; o__Nitrososphaerales; f__Nitrososphaeraceae; g__Nitrososphaera; s__Nitrososphaera sp002501845	0.8582837945058779
a04ce9af5421aacf6c550b63b5a81582	d__Bacteria; p__Acidobacteriota	0.9361285787688702
5baeac5b8323b318135bfbad8f1ca8c3	d__Bacteria; p__Nitrospirota_A_437815; c__Nitrospiria; o__Nitrospirales; f__Nitrospiraceae	0.972157412445362
5134a9c8faa8b7d46f93ec6c7759fbd3	d__Bacteria; p__Proteobacteria; c__Gammaproteobacteria	0.9297398264881026
3e1ac265636259c8afde0a75b153704a	d__Bacteria; p__Proteobacteria; c__Gammaproteobacteria; o__Burkholderiales_597432; f__Rhodocyclaceae	0.9906516751486576
877035cf2c3a4a12c6a83e6e5a053fdc	d__Bacteria; p__Firmicutes_D; c__Bacilli; o__RF39; f__UBA660	0.9838806746855491
9760fbaeb82d093fac8e11596a369519	d__Bacteria; p__Proteobacteria; c__Gammaproteobacteria; o__Pseudomonadales_650612; f__Pseudohongiellaceae; g__Pseudohongiella; s__Pseudohongiella sp004535785	0.9411985568927344
33f8663560b941e70c1c6fcd8bb0f0ee	d__Bacteria; p__Planctomycetota; c__Planctomycetia; o__Pirellulales; f__PALSA-1355; g__PALSA-1355; s__PALSA-1355 sp003153375	0.9998571574442416
788acc3ea366edaea195a3f8d57c078b	d__Bacteria; p__Proteobacteria; c__Gammaproteobacteria; o__Burkholderiales_592522; f__Burkholderiaceae_A_592522	0.99120593010999
75fea68bc4ef53dbd2ec520fec172e35	d__Bacteria; p__Planctomycetota; c__Planctomycetia; o__Pirellulales	0.9800578264697439
a90899d75d263e9691a1abd12db49caf	d__Bacteria	0.998320278113316
f729f327dc5260097a38b1441747987f	d__Bacteria; p__Planctomycetota; c__Planctomycetia	0.9575568559772047
e98401a92acbc4f33edc54342a5a4c25	d__Bacteria; p__Proteobacteria; c__Gammaproteobacteria; o__Burkholderiales_597433; f__SG8-39; g__SCGC-AG-212-J23; s__SCGC-AG-212-J23 sp005881595	0.8899495188274931
827978d2518ab18f2f1781fb169c717e	d__Bacteria; p__Chlamydiota; c__Chlamydiia	0.997433396211604
416d47c67813a8bdd56653b73320220c	d__Bacteria; p__Proteobacteria; c__Alphaproteobacteria; o__Rhizobiales_A_504705	0.9531934621912005
7633da5aea330929a5a91150afd17372	d__Bacteria	0.9989513237450518
d720d818bdd756f2f22ff50e8cfbe683	d__Bacteria; p__Gemmatimonadota; c__Gemmatimonadetes; o__Gemmatimonadales; f__Gemmatimonadaceae; g__; s__	0.9953136661479446
fb329169056dd9fd5e9d355ba6dc77d1	d__Bacteria; p__Proteobacteria; c__Alphaproteobacteria; o__Sphingomonadales; f__Sphingomonadaceae; g__Sphingopyxis	0.7763262207065699
864b16061d35eb1c57443bcc63500b5b	d__Bacteria; p__Dependentiae; c__Babeliae; o__Babeliales	0.8008419185483936
b8a22c20fdae8f586ddb14f46086e76b	d__Bacteria	0.9993557437702996
493f8557def9fb769aa8fc2a205f5102	d__Bacteria; p__Bacteroidota; c__Bacteroidia; o__Flavobacteriales_877923; f__Flavobacteriaceae	0.9997301750413862
5a7200d8a1460e0bec26a5795bc6a318	d__Bacteria; p__Proteobacteria; c__Gammaproteobacteria; o__Pseudomonadales_650611; f__Pseudomonadaceae	0.9645649834743587
afe761dde795930b4ded4199135e9fcc	d__Bacteria; p__Proteobacteria; c__Gammaproteobacteria; o__Diplorickettsiales; f__; g__; s__	0.9989229482527108
be9b870423f096a360395a92734e8df3	d__Bacteria; p__Planctomycetota	0.7011631937756013
ec19242346e16f1eba509c9b96a529de	d__Bacteria; p__Proteobacteria; c__Alphaproteobacteria	0.9822517672782872
5704ce65dd8428d928981213f889f781	d__Bacteria; p__Planctomycetota; c__Planctomycetia; o__Gemmatales; f__Gemmataceae	0.7207625791845979
6530154e1363e8479e477fa77439ada2	d__Bacteria; p__Proteobacteria; c__Gammaproteobacteria; o__Burkholderiales_592522; f__Burkholderiaceae_A_592522; g__Polaromonas	0.7847908960435651
0ae6bf3c1abaf4f86662d6e992accd01	d__Bacteria; p__Planctomycetota; c__Planctomycetia; o__Planctomycetales; f__Planctomycetaceae	0.7298950275770266
294f13a6c00b2af4f44d9a2d520b0b30	d__Bacteria; p__Bacteroidota; c__Bacteroidia; o__Bacteroidales; f__Bacteroidaceae; g__Prevotella; s__Prevotella loescheii	0.9839661420540684
4aa4b36458f057bab7f1d3721b231bea	d__Bacteria; p__Bacteroidota; c__Bacteroidia; o__Cytophagales; f__Spirosomaceae	0.9860300362191743
dcef28816301b76e772db63a52d50c40	d__Bacteria; p__Proteobacteria; c__Alphaproteobacteria; o__Rhizobiales_A_501059; f__Rhizobiaceae_A_501059; g__Shinella	0.8727339470700384
ddaead93183dfa2a4d931be19c49e3de	d__Bacteria; p__Bacteroidota; c__Bacteroidia; o__Sphingobacteriales; f__Sphingobacteriaceae	0.9994739041070001
8bb057c700cfd895a958d83425d2002e	d__Bacteria; p__Actinobacteriota; c__Actinomycetia; o__Mycobacteriales; f__Mycobacteriaceae; g__Gordonia_B_376796	0.9684410291327659
aabb936bfa2ed24f6a72d35739ab819b	d__Bacteria; p__Bacteroidota; c__Bacteroidia; o__Cytophagales; f__Cyclobacteriaceae_900466; g__Ohtaekwangia	0.7818716991135856
923315db167248c8e20b4da5140bab66	d__Bacteria; p__Proteobacteria; c__Alphaproteobacteria	0.9810782887894343
0bba218b6db3d8b642a9ca8eef4d15f9	d__Bacteria; p__Proteobacteria; c__Gammaproteobacteria; o__Burkholderiales_592524	0.9931601969558724
5bf82fbaed686b4d2dd731960c051934	d__Bacteria; p__Planctomycetota; c__Planctomycetia	0.9169748119657964
7637f793de955e69d38f9c1c0d63ff65	d__Archaea; p__Thermoproteota; c__Nitrososphaeria_A; o__Nitrososphaerales; f__Nitrososphaeraceae	0.9948080251952983
35abe6150a5ad887b065f28a801c020c	d__Bacteria; p__Proteobacteria	0.8208930281858106
ed53648a2b0de6284662f3c63eaab4dc	d__Bacteria; p__Chlamydiota; c__Chlamydiia; o__Chlamydiales_778124	0.7550201841107839
d9da3086eeabb94913ccbc02f42ddc3e	d__Bacteria; p__Proteobacteria; c__Alphaproteobacteria; o__Reyranellales; f__Reyranellaceae; g__; s__	0.7525999697483516
958abb11d9368bd0624fa8438dc486e3	d__Bacteria; p__Planctomycetota; c__Planctomycetia; o__Pirellulales; f__UBA1268	0.8772107895718938
55c69025be2c840097149365c451dc23	d__Bacteria; p__Firmicutes_D; c__Bacilli; o__Paenibacillales; f__Paenibacillaceae_367444	0.8418146919089795
5a1bb2870908a3258c705b9ecd215c20	d__Bacteria; p__Proteobacteria; c__Gammaproteobacteria; o__Enterobacterales_A_737866; f__Pasteurellaceae	0.9988311670861048
437a04b7459b84c0d18aa676f8ffac25	d__Bacteria; p__Firmicutes_A; c__Clostridia_258483; o__Tissierellales; f__Peptoniphilaceae; g__; s__	0.8137254257626128
c78dd0c3a7d0d110f46fd7ad6e1683b3	d__Bacteria	0.9936192392792388
9b922dbc4dce04c726ddad0be2d911de	d__Bacteria; p__Planctomycetota; c__Planctomycetia; o__Planctomycetales; f__Planctomycetaceae; g__Planctomicrobium; s__Planctomicrobium piriforme	0.9851532477814969
4e10f22fb213edbf1a71b708322f1d91	d__Bacteria; p__Proteobacteria; c__Gammaproteobacteria; o__Nitrosococcales; f__Methylophagaceae; g__; s__	0.8566186294600636
715bc4c146f0cffb7389a19caea77ced	d__Bacteria; p__Firmicutes_A; c__Clostridia_258483; o__Lachnospirales; f__Lachnospiraceae	0.9861662696692276
af4ba124b6417691f2d08410124c2bad	d__Bacteria; p__Proteobacteria; c__Gammaproteobacteria; o__Legionellales_A; f__Legionellaceae_A; g__Tatlockia	0.8856236152223411
08418d4597566509255febc029df3564	d__Bacteria; p__Planctomycetota; c__Planctomycetia; o__Pirellulales; f__Lacipirellulaceae; g__Lacipirellula; s__	0.9922066123320592
a5383af5018030fbd30245daf1e630b1	d__Bacteria; p__Proteobacteria; c__Gammaproteobacteria; o__Xanthomonadales_616009; f__Xanthomonadaceae_616009; g__Lysobacter_A_615995	0.99369309875578
74edb8726aadbc7a07ee01fec93db7fd	d__Bacteria; p__Firmicutes_D; c__Bacilli; o__Paenibacillales	0.9997510495011774
8439fecdc0cae6070c046115732ddbf7	d__Bacteria	0.9831837819347626
fa42f75b893a43167cc434ca09832f0f	d__Bacteria; p__Actinobacteriota; c__Actinomycetia; o__Mycobacteriales; f__Mycobacteriaceae; g__Corynebacterium; s__Corynebacterium durum	0.9493924433505037
6ba33fa42b1b11c6519ecdb1d1455a97	d__Bacteria; p__Synergistota; c__Synergistia; o__Synergistales; f__Dethiosulfovibrionaceae; g__Pyramidobacter; s__Pyramidobacter piscolens	0.9886017296784191
da38d6af1838d4ba9dbe12bd9e0ec0b1	d__Bacteria; p__Proteobacteria; c__Gammaproteobacteria; o__Nevskiales; f__Nevskiaceae	0.9963167246104346
6ecef60655fffa41c64f5dce406b51ee	d__Bacteria; p__Bacteroidota; c__Bacteroidia	0.7370608207539925
1eaadadb048f2e070dcca56b3634ed92	d__Bacteria	0.9993294177345595
a1b0fd438d4b002964f5d54167b0dab6	d__Bacteria; p__Bacteroidota; c__Bacteroidia; o__Chitinophagales; f__Chitinophagaceae_929733; g__OLB11; s__OLB11 sp001567165	0.8793800864711843
f91f30f04c3c448e9dea4184a44156c4	d__Bacteria	0.9885796367858527
c88160e00cbc662ef0d9162d5ab352c4	d__Bacteria; p__Proteobacteria; c__Alphaproteobacteria; o__Sphingomonadales; f__Sphingomonadaceae	0.9997352732767919
3bce136f47e04e8d6a8e880d28f2a18b	d__Bacteria	0.9992076799346347
9c7eee9c022206e8aa093820b7548bcf	d__Bacteria; p__Dependentiae; c__Babeliae; o__Babeliales; f__Vermiphilaceae	0.8034082343778227
179172a6e95994ca6135b3d084b13318	d__Bacteria	0.9829260030755126
2808d6b4d55483ed9ceaab3487e98ac6	d__Bacteria; p__Actinobacteriota; c__Actinomycetia; o__Mycobacteriales; f__Pseudonocardiaceae; g__Saccharopolyspora_D_379427	0.9069807343027937
538211a73fde18b6ac09a94682d282fa	d__Bacteria; p__Acidobacteriota; c__Acidobacteriae	0.9165579465960849
539c95424556291e7fff99d1af59cf87	d__Bacteria; p__Planctomycetota; c__Planctomycetia	0.9019564818819391
66361a9d0e1f42adb219359d8b560b18	d__Bacteria	0.996099296877648
7e57a4791bb23e66a3a87f9c6720d641	d__Bacteria	0.9844503050398793
90d320366257a317e490fd08269c4cf2	d__Bacteria; p__Acidobacteriota; c__Blastocatellia; o__Pyrinomonadales; f__Pyrinomonadaceae_433871	0.9035123058342979
2275c529c40bc0bd24ed1a96d2d62959	d__Bacteria; p__Firmicutes_A; c__Clostridia_258483; o__Lachnospirales; f__Vallitaleaceae_A_116062; g__W11650	0.9954788965813572
caf88389f45d5412bc220cf278a246e6	d__Bacteria; p__Firmicutes_D; c__Bacilli; o__Erysipelotrichales; f__Coprobacillaceae; g__Eggerthia; s__Eggerthia catenaformis	0.9998425813115958
19290b750bffadb2a571d898d732cb76	d__Bacteria; p__Proteobacteria; c__Gammaproteobacteria	0.8086391781159649
1bfd643ec24ad61023b9fc1bb1da4277	d__Bacteria; p__Verrucomicrobiota; c__Verrucomicrobiae; o__Verrucomicrobiales; f__Akkermansiaceae; g__Luteolibacter_776538	0.935755891651207
8f99768b776522998d0e5161421e309b	d__Bacteria; p__Planctomycetota; c__Planctomycetia; o__Pirellulales; f__Pirellulaceae	0.8292674065120975
24de0b9371431d8d8533f707aca7c88f	d__Bacteria; p__Actinobacteriota; c__Acidimicrobiia_401430; o__Acidimicrobiales; f__Ilumatobacteraceae	0.9863114597036854
157490c098f25378c2303c827dc4c4f6	d__Bacteria	0.9986910523291458
703fe1211985527af3275fed4d587655	d__Bacteria; p__Proteobacteria; c__Gammaproteobacteria; o__Burkholderiales_597437; f__Casimicrobiaceae; g__VBCG01; s__VBCG01 sp005881895	0.8198894256446296
62f50ae3ca8db5149da3ccbcd0718f7e	d__Bacteria	0.9995494711581849
60e54255a7b2377d378f86c589ded691	d__Bacteria	0.9952659185473886
c326e90bd6c8e9e5dd2b3cb98ea18224	d__Bacteria; p__Proteobacteria; c__Gammaproteobacteria; o__Pseudomonadales_660905; f__Alcanivoracaceae; g__Alcanivorax_A; s__Alcanivorax_A dieselolei	0.797914827341177
b7a6bed90dc76d8ab2063f0d20f2c512	d__Bacteria	0.9992170730904567
a4c29f198d9c6601bffffe84b343902f	d__Bacteria; p__Proteobacteria; c__Gammaproteobacteria; o__Acidiferrobacterales; f__Sulfurifustaceae; g__Sulfuricaulis; s__Sulfuricaulis limicola	0.9969422940519939
1a799c29756a30c8c8184783ec87cdcf	d__Bacteria	0.9996147883729024
837606cff6e47fdbeee4f18844cc05dc	d__Bacteria; p__Planctomycetota; c__Planctomycetia; o__Isosphaerales; f__Isosphaeraceae; g__Singulisphaera; s__Singulisphaera acidiphila	0.9994863691907676
205ab3874245c3da0a1832da577b2e40	d__Bacteria; p__Firmicutes_A; c__Clostridia_258483	0.7510108084958889
2e9b8309d5bd42a331ed088b276b49fb	d__Bacteria; p__Elusimicrobiota; c__Endomicrobia; o__Endomicrobiales; f__Endomicrobiaceae	0.9982734411242964
b2af011cc6324013d181e1e3996de177	d__Bacteria; p__Desulfobacterota_I; c__Desulfobulbia; o__Desulfobulbales; f__Desulfobulbaceae; g__Desulfobulbus_A_451156; s__Desulfobulbus_A_451156 oralis	0.7721633073542487
35c7953c937f3fff9d9a52e7192bcf47	d__Bacteria; p__Bacteroidota; c__Bacteroidia; o__Flavobacteriales_877923; f__Flavobacteriaceae	0.9993787145900795
8c5f778726e05aa62693a6cfd9298a2a	d__Bacteria; p__Chloroflexota; c__Anaerolineae; o__Anaerolineales; f__EnvOPS12; g__UBA12294; s__UBA12294 sp002050275	0.7108634187152592
c1d99679da69f40b3ccc527b7c82624b	d__Bacteria; p__Proteobacteria; c__Gammaproteobacteria; o__Diplorickettsiales; f__Diplorickettsiaceae; g__Aquirickettsiella; s__Aquirickettsiella isopodorum	0.9412258795330725
8f7213303dc693d6d400ba762b2e7aae	d__Bacteria	0.9997140385520538
1ce828fff3c0e9763a533f24aedc1247	d__Bacteria; p__Bacteroidota; c__Bacteroidia; o__Cytophagales; f__Cyclobacteriaceae_900466	0.9962277571225873
7a2fcd8e9eee13adc644b5089c421c83	d__Bacteria; p__Actinobacteriota	0.7573099044005834
9fce262efee38f765e561df893b083be	d__Bacteria; p__Actinobacteriota; c__Actinomycetia; o__Mycobacteriales; f__Pseudonocardiaceae	0.9262179798370449
f4459fdcbc5d9ccbe59194592647d31d	d__Bacteria; p__Actinobacteriota	0.7603017114619864
4fd33c8ca56351760723f4098856f020	d__Bacteria	0.9894491869346559
74faa8016c544a82d6cd6aca347f8d93	d__Bacteria; p__Planctomycetota; c__UBA1135; o__UBA1135; f__GCA-002686595	0.7676311056204005
01a2c2d20948deb51d8aa64f72ce556a	d__Bacteria; p__Bacteroidota; c__Bacteroidia; o__Bacteroidales; f__Bacteroidaceae; g__Prevotella	0.9836743701210786
2909995fb80e2f8db88745e5919763ff	d__Bacteria; p__Patescibacteria; c__JAEDAM01; o__Absconditabacterales; f__X112; g__HOT-345; s__HOT-345 sp003260355	0.9999343540270182
ed843cd096835ecf9f2eb9aac433290e	d__Bacteria	0.9285469340699173
5fd7bc7ffbd6ebd8951c3dda0cbbdbee	d__Bacteria; p__Firmicutes_A; c__Clostridia_258483; o__Peptostreptococcales; f__Filifactoraceae_235824; g__Filifactor; s__Filifactor villosus	0.9862522202505152
a2dc6c14b38d683fd8728b477aab5ca2	d__Bacteria; p__Patescibacteria; c__JAEDAM01; o__Absconditabacterales; f__X112; g__HOT-345; s__HOT-345 sp003260355	0.9999848519382315
c3a6cbd8d1355e4ce52acf302e0b7fe9	d__Bacteria; p__Firmicutes_A; c__Clostridia_258483; o__Christensenellales; f__Christensenellaceae; g__Christensenella	0.911855649306771
fa836fd6f626225191ce2c7a871eadee	d__Bacteria; p__Desulfobacterota_I; c__Desulfovibrionia; o__Desulfovibrionales; f__Desulfovibrionaceae	0.7338169410810912
ad0300313df3a72ab5e39679884acf2b	d__Bacteria	0.9989775031344543
0276614bb615678154da8c3dabe8a2a9	d__Bacteria	0.9993748326636674
b3e107ed956f0610d2ae351bcf7ec2ce	d__Bacteria; p__Patescibacteria; c__Paceibacteria; o__UBA6257	0.8359102130680015
ed86ecbd58d32d04bdf67e2f881bc128	d__Bacteria; p__Firmicutes_A; c__Clostridia_258483; o__Lachnospirales; f__Lachnospiraceae; g__Lacrimispora	0.8804192566108091
a92c016a913566a861efa990fa69356f	d__Bacteria; p__Bdellovibrionota_E; c__Bdellovibrionia_A_470743; o__UBA1018; f__UBA1018; g__GWA1-52-35; s__GWA1-52-35 sp001769805	0.9141406913258608
f5c8cce1ffcae4d85d8e54e8ee576cb8	d__Bacteria; p__Planctomycetota; c__Planctomycetia; o__Planctomycetales; f__Planctomycetaceae; g__Planctomicrobium; s__Planctomicrobium piriforme	0.9928260939068395
d100e9cf3682fb9d759c9ce88707766e	d__Bacteria; p__Bacteroidota; c__Bacteroidia; o__Sphingobacteriales; f__Sphingobacteriaceae; g__Parapedobacter	0.9936267469576024
9936a15b9c2e8ca8d0aefac1ba85fe82	d__Bacteria; p__Planctomycetota; c__Phycisphaerae; o__Phycisphaerales; f__SM1A02; g__CAADGA01	0.9292578615001771
85ddd90ad93aab42c294704766bd5711	d__Bacteria; p__Patescibacteria; c__ABY1; o__SG8-24; f__2-12-FULL-60-25; g__21-14-all-47-17; s__21-14-all-47-17 sp002786495	0.7382739891481056
90867eaed18f7bee66e6ea3207e69796	d__Bacteria; p__Acidobacteriota; c__HRBIN11; o__HRBIN11; f__HRBIN11; g__HRBIN11; s__	0.8993808356696519
601c4c3e56a37a97fc754c642c7e4c43	d__Bacteria; p__Proteobacteria; c__Gammaproteobacteria; o__Burkholderiales_592522; f__Burkholderiaceae_A_592522	0.9984924385702283
d88206c7fdcf488cafaa9c4d48f08311	d__Bacteria	0.9620142399582186
189937fcf192f150c4457491ca4a2547	d__Bacteria; p__Proteobacteria	0.7016290110627058
b6219eaa7334406759b8fe5f2cdf5343	d__Bacteria; p__Planctomycetota; c__Planctomycetia; o__Pirellulales	0.7809053914150607
524a8a9fb1ee0eab16bc9d6aeddcd73f	d__Bacteria; p__Firmicutes_D; c__Bacilli; o__RF39; f__UBA660	0.9922359397142854
a70c7556269f600b9e4c6c5ff2d329d9	d__Bacteria; p__Planctomycetota; c__Planctomycetia; o__Gemmatales; f__Gemmataceae	0.8240329368859489
8018529aeb5fed37e610ddfdbd8f9731	d__Bacteria; p__Bacteroidota; c__Bacteroidia	0.7438452719643099
ce8da62c27f5686bead70ee1bcd819a5	d__Bacteria; p__Synergistota; c__Synergistia; o__Synergistales; f__Dethiosulfovibrionaceae; g__Pyramidobacter; s__Pyramidobacter piscolens	0.890408623468364
295600e7d89893452c72a74c2c63925a	d__Bacteria; p__Acidobacteriota; c__Vicinamibacteria; o__Vicinamibacterales; f__UBA2999	0.9130993258178461
da676aecf9cbd3fd4ec07d3fcc00574d	d__Bacteria	0.9976465650318224
cb9375dff5f576a78a29e315a74bfb5b	d__Bacteria; p__Planctomycetota; c__Planctomycetia; o__Pirellulales; f__Pirellulaceae; g__Rhodopirellula	0.9998732010146052
d7f84c263810307e400704aeb5539c90	d__Bacteria; p__Firmicutes_A; c__Clostridia_258483; o__Clostridiales; f__Clostridiaceae_222000; g__Clostridium_L	0.9929577725675276
744407156c1fbd2d6c2599b983c3f4e2	d__Bacteria; p__Bacteroidota; c__Bacteroidia; o__Flavobacteriales_877923; f__Flavobacteriaceae; g__Flavobacterium	0.9728605446320174
74b84256d58b363a92b6fe37c61ccd37	d__Bacteria; p__Patescibacteria; c__Paceibacteria; o__UBA9983_A; f__XYD1-FULL-46-19	0.8800878436042113
a12690c373929ca74d50e7f0a9fbc73f	Unassigned	0.6528210476938003
689e4556f7f868f12d05b81de8230f8a	d__Bacteria; p__Dependentiae; c__Babeliae; o__Babeliales	0.9292975765616565
8bf5568d27fc74dfd393edc4e3a674f8	d__Bacteria; p__Desulfobacterota_I; c__Desulfovibrionia; o__Desulfovibrionales; f__Desulfovibrionaceae; g__Desulfovibrio_R_446353	0.984343158007815
9effb506c39c0a36ec974477d3212817	d__Archaea; p__Thermoplasmatota; c__Thermoplasmata_1773; o__Methanomassiliicoccales; f__Methanomethylophilaceae	0.9989511219999725
241c54642e9c38d7a59a26fdb08dbd46	d__Bacteria	0.9703476378239126
f7575654ee211f842ec53f445e7293d3	d__Bacteria	0.9269364902739295
07016d8ca7a51fff225f74918951b359	d__Bacteria; p__Planctomycetota; c__Planctomycetia; o__Planctomycetales; f__Planctomycetaceae; g__Planctomicrobium; s__Planctomicrobium piriforme	0.9991305147794097
55e096a295c4bc3c67a2c5d5f7bda90e	d__Bacteria; p__Acidobacteriota; c__Acidobacteriae; o__Acidoferrales; f__UBA7541; g__QHYP01; s__QHYP01 sp003224195	0.8303863823048284
271c3c2aefdc538dec31c4e0bde23b94	d__Bacteria	0.9992449622234586
1f40219c478f76d6cc6abc91ba05d05f	d__Bacteria; p__Proteobacteria; c__Alphaproteobacteria; o__Sphingomonadales; f__Sphingomonadaceae	0.9999088664857405
d0e356e8ccd44149b644e93b7a7b119e	d__Bacteria; p__CLD3; c__CLD3; o__SB21; f__SB21; g__SB21; s__SB21 sp008933615	0.7977832773476018
d179fa22aeec4f0b474968737887860c	d__Bacteria	0.9998058187422728
4ac691efc42815907094ae76d33cd57a	d__Archaea; p__Nanoarchaeota; c__Nanoarchaeia; o__Woesearchaeales_468; f__ARS49; g__DSQK01; s__DSQK01 sp011331795	0.9994953606945941
6d9fdddc2537426a81cee639926ded7a	d__Bacteria; p__Bacteroidota; c__Bacteroidia; o__Chitinophagales; f__Saprospiraceae; g__Membranicola; s__Membranicola marinus	0.8924947839015752
3d4021379c974d16baa4e6f0b1c66043	d__Bacteria	0.9682789418594209
01eb5e49ad26fb4b6f04e7758d6ade36	d__Bacteria	0.9980746205773083
b0dba4f05d2dc7f7901c1ff5a43123ba	d__Bacteria	0.9902206363176872
